-- --------------------------------------------------------
-- Host:                         127.0.0.1
-- Versión del servidor:         5.6.17 - MySQL Community Server (GPL)
-- SO del servidor:              Win64
-- HeidiSQL Versión:             8.3.0.4694
-- --------------------------------------------------------

/*!40101 SET @OLD_CHARACTER_SET_CLIENT=@@CHARACTER_SET_CLIENT */;
/*!40101 SET NAMES utf8 */;
/*!40014 SET @OLD_FOREIGN_KEY_CHECKS=@@FOREIGN_KEY_CHECKS, FOREIGN_KEY_CHECKS=0 */;
/*!40101 SET @OLD_SQL_MODE=@@SQL_MODE, SQL_MODE='NO_AUTO_VALUE_ON_ZERO' */;

-- Volcando estructura de base de datos para est_vaucher
DROP DATABASE IF EXISTS `est_vaucher`;
CREATE DATABASE IF NOT EXISTS `est_vaucher` /*!40100 DEFAULT CHARACTER SET latin1 */;
USE `est_vaucher`;


-- Volcando estructura para tabla est_vaucher.acl_class
DROP TABLE IF EXISTS `acl_class`;
CREATE TABLE IF NOT EXISTS `acl_class` (
  `id` bigint(20) NOT NULL,
  `class` varchar(100) NOT NULL,
  PRIMARY KEY (`id`)
) ENGINE=InnoDB DEFAULT CHARSET=latin1;

-- Volcando datos para la tabla est_vaucher.acl_class: ~0 rows (aproximadamente)
/*!40000 ALTER TABLE `acl_class` DISABLE KEYS */;
/*!40000 ALTER TABLE `acl_class` ENABLE KEYS */;


-- Volcando estructura para tabla est_vaucher.acl_entry
DROP TABLE IF EXISTS `acl_entry`;
CREATE TABLE IF NOT EXISTS `acl_entry` (
  `id` bigint(20) NOT NULL,
  `acl_object_identity` bigint(20) NOT NULL,
  `ace_order` int(11) NOT NULL,
  `sid` bigint(20) NOT NULL,
  `mask` int(11) NOT NULL,
  `granting` int(11) NOT NULL,
  `audit_success` int(11) NOT NULL,
  `audit_failure` int(11) NOT NULL,
  PRIMARY KEY (`id`),
  UNIQUE KEY `acl_object_identity_ace_order` (`acl_object_identity`,`ace_order`),
  KEY `foreign_fk_5` (`sid`),
  CONSTRAINT `foreign_fk_4` FOREIGN KEY (`acl_object_identity`) REFERENCES `acl_object_identity` (`id`),
  CONSTRAINT `foreign_fk_5` FOREIGN KEY (`sid`) REFERENCES `acl_sid` (`id`)
) ENGINE=InnoDB DEFAULT CHARSET=latin1;

-- Volcando datos para la tabla est_vaucher.acl_entry: ~0 rows (aproximadamente)
/*!40000 ALTER TABLE `acl_entry` DISABLE KEYS */;
/*!40000 ALTER TABLE `acl_entry` ENABLE KEYS */;


-- Volcando estructura para tabla est_vaucher.acl_object_identity
DROP TABLE IF EXISTS `acl_object_identity`;
CREATE TABLE IF NOT EXISTS `acl_object_identity` (
  `id` bigint(20) NOT NULL,
  `object_id_class` bigint(20) NOT NULL,
  `object_id_identity` bigint(20) NOT NULL,
  `parent_object` bigint(20) NOT NULL,
  `owner_sid` bigint(20) NOT NULL,
  `entries_inheriting` int(11) NOT NULL,
  PRIMARY KEY (`id`),
  UNIQUE KEY `object_id_class_object_id_identity` (`object_id_class`,`object_id_identity`),
  KEY `foreign_fk_1` (`parent_object`),
  KEY `foreign_fk_3` (`owner_sid`),
  CONSTRAINT `foreign_fk_3` FOREIGN KEY (`owner_sid`) REFERENCES `acl_sid` (`id`),
  CONSTRAINT `foreign_fk_1` FOREIGN KEY (`parent_object`) REFERENCES `acl_object_identity` (`id`),
  CONSTRAINT `foreign_fk_2` FOREIGN KEY (`object_id_class`) REFERENCES `acl_class` (`id`)
) ENGINE=InnoDB DEFAULT CHARSET=latin1;

-- Volcando datos para la tabla est_vaucher.acl_object_identity: ~0 rows (aproximadamente)
/*!40000 ALTER TABLE `acl_object_identity` DISABLE KEYS */;
/*!40000 ALTER TABLE `acl_object_identity` ENABLE KEYS */;


-- Volcando estructura para tabla est_vaucher.acl_sid
DROP TABLE IF EXISTS `acl_sid`;
CREATE TABLE IF NOT EXISTS `acl_sid` (
  `id` bigint(20) NOT NULL,
  `principal` int(11) NOT NULL,
  `sid` varchar(100) NOT NULL,
  PRIMARY KEY (`id`),
  UNIQUE KEY `principal_sid` (`principal`,`sid`)
) ENGINE=InnoDB DEFAULT CHARSET=latin1;

-- Volcando datos para la tabla est_vaucher.acl_sid: ~0 rows (aproximadamente)
/*!40000 ALTER TABLE `acl_sid` DISABLE KEYS */;
/*!40000 ALTER TABLE `acl_sid` ENABLE KEYS */;


-- Volcando estructura para tabla est_vaucher.agenda
DROP TABLE IF EXISTS `agenda`;
CREATE TABLE IF NOT EXISTS `agenda` (
  `ag_pac_Id` int(11) NOT NULL AUTO_INCREMENT,
  `ag_tipo` varchar(50) NOT NULL,
  `ag_dato` varchar(50) NOT NULL,
  `pac_cedula` int(11) NOT NULL,
  PRIMARY KEY (`ag_pac_Id`),
  KEY `pacientes_agenda` (`pac_cedula`),
  CONSTRAINT `pacientes_agenda` FOREIGN KEY (`pac_cedula`) REFERENCES `pacientes` (`cedula`)
) ENGINE=InnoDB AUTO_INCREMENT=295 DEFAULT CHARSET=latin1;

-- Volcando datos para la tabla est_vaucher.agenda: ~91 rows (aproximadamente)
/*!40000 ALTER TABLE `agenda` DISABLE KEYS */;
REPLACE INTO `agenda` (`ag_pac_Id`, `ag_tipo`, `ag_dato`, `pac_cedula`) VALUES
	(8, 'CELULAR', '091020020', 44188684),
	(9, 'EMAIL', 'info@vaucher.com.uy', 44188684),
	(10, 'TELEFONO', '24875544', 44188684),
	(11, 'CELULAR', '094225478', 44247486),
	(16, 'CELULAR', '095123456', 24578956),
	(17, 'TELEFONO', '26010171', 42542474),
	(18, 'EMAIL', 'cgomez@hotmail.com', 14578958),
	(19, 'CELULAR', '098447775', 14578958),
	(20, 'TELEFONO', '26104578', 24577742),
	(21, 'CELULAR', '099587451', 24577742),
	(22, 'EMAIL', 'drodriguez@gmail.com', 24577742),
	(23, 'TELEFONO', '26104050', 44588795),
	(45, 'CELULAR', '098585494', 19455549),
	(46, 'TELEFONO', '24875544', 19455549),
	(47, 'EMAIL', 'raulhern927@gmail.com', 19455549),
	(48, 'CELULAR', '096547897', 45698741),
	(49, 'TELEFONO', '24086827', 10042763),
	(50, 'TELEFONO', '24578987', 12456637),
	(51, 'CELULAR', '095478987', 12456637),
	(52, 'CELULAR', '099874547', 35465475),
	(53, 'TELEFONO', '24578987', 35465475),
	(54, 'EMAIL', 'lbermudez@gmail.com', 35465475),
	(55, 'CELULAR', '095700192', 42629707),
	(56, 'CELULAR', '094514789', 54145782),
	(57, 'TELEFONO', '26125478', 54145782),
	(58, 'EMAIL', 'eli.introino@gmail.com', 54145782),
	(129, 'CELULAR', '0965478789', 24567896),
	(130, 'TELEFONO', '29085454', 24567896),
	(131, 'EMAIL', 'natalia.mederos@gmail.com', 24567896),
	(132, 'CELULAR', '094578795', 24157481),
	(133, 'CELULAR', '098547895', 45789653),
	(134, 'TELEFONO', '24087985', 45789653),
	(135, 'CELULAR', '087485954', 45156898),
	(136, 'CELULAR', '094582145', 25890747),
	(145, 'CELULAR', '0965478789', 32145771),
	(146, 'CELULAR', '094547895', 23364786),
	(147, 'CELULAR', '098474545', 32124561),
	(148, 'CELULAR', '095478956', 41547843),
	(149, 'EMAIL', 'fernanda.martinez@mail.com', 41547843),
	(150, 'CELULAR', '095265147', 65453215),
	(151, 'CELULAR', '094124563', 54324322),
	(207, 'CELULAR', '09845454545', 29584732),
	(208, 'TELEFONO', '25478954', 29584732),
	(209, 'EMAIL', 'ale.gomez@algundominio.com', 29584732),
	(210, 'SKYPE', 'ale gomez', 29584732),
	(211, 'CELULAR', '098457895', 31245675),
	(212, 'TELEFONO', '45178965', 31245675),
	(213, 'EMAIL', 'Carolina.Martinez@undominio.com', 31245675),
	(214, 'FACEBOOK', 'Carolina.Martinez@facebook.com', 31245675),
	(215, 'CELULAR', '09845454545', 41578943),
	(216, 'TELEFONO', '29100210', 41578943),
	(217, 'EMAIL', 'marianela.fernandez@undominio.com', 41578943),
	(218, 'FACEBOOK', 'marianela fernandez', 41578943),
	(219, 'CELULAR', '09845454545', 62135218),
	(220, 'TELEFONO', '29100210', 62135218),
	(221, 'EMAIL', 'carolina.benitez@algundominio.com', 62135218),
	(222, 'FACEBOOK', 'carolina.benitez', 62135218),
	(223, 'CELULAR', '098745632', 51234568),
	(224, 'CELULAR', '098454789', 31245697),
	(225, 'TELEFONO', '24578965', 31245697),
	(226, 'EMAIL', 'analia.rubio@undominio.com', 31245697),
	(227, 'CELULAR', '094285111', 45213216),
	(228, 'TELEFONO', '24815151', 45213216),
	(229, 'EMAIL', 'maria.perez@gmail.com', 45213216),
	(230, 'CELULAR', '094145421', 41214153),
	(231, 'CELULAR', '099452145', 54152636),
	(232, 'TELEFONO', '24789854', 54152636),
	(233, 'CELULAR', '091214563', 29144124),
	(234, 'TELEFONO', '24874563', 29144124),
	(235, 'EMAIL', 'patricia.soca@undominio.com', 29144124),
	(236, 'CELULAR', '094123546', 42154126),
	(237, 'CELULAR', '098478456', 61234566),
	(238, 'CELULAR', '098585633', 41021326),
	(239, 'CELULAR', '096541230', 32145618),
	(240, 'CELULAR', '096214587', 12034566),
	(241, 'CELULAR', '095414526', 12542339),
	(242, 'CELULAR', '099214536', 25413634),
	(243, 'CELULAR', '096541257', 32145226),
	(244, 'CELULAR', '0995874778', 15478418),
	(245, 'CELULAR', '094547441', 14547886),
	(246, 'CELULAR', '094547441', 31244455),
	(247, 'CELULAR', '094547441', 23413632),
	(248, 'CELULAR', '096321123', 19345033),
	(249, 'TELEFONO', '24085478', 19345033),
	(250, 'CELULAR', '098547854', 25457892),
	(251, 'TELEFONO', '26102365', 25457892),
	(252, 'EMAIL', 'virginia.paez@dominio.com', 25457892),
	(253, 'CELULAR', '092321456', 24578912),
	(254, 'TELEFONO', '26145216', 24578912),
	(255, 'EMAIL', 'ana.pereira@dominio.com', 24578912),
	(256, 'CELULAR', '094120369', 32145624),
	(257, 'CELULAR', '098747521', 45632153),
	(258, 'CELULAR', '974512693', 47894519),
	(259, 'TELEFONO', '24789652', 47894519),
	(260, 'EMAIL', 'juana.martinez@gmail.com', 47894519),
	(261, 'CELULAR', '985492473', 19347188),
	(262, 'CELULAR', '976164510', 34121141),
	(263, 'CELULAR', '098741231', 14789454),
	(264, 'CELULAR', '098475124', 54124566),
	(265, 'TELEFONO', '26010171', 24512465),
	(266, 'CELULAR', '098741231', 45267483),
	(267, 'CELULAR', '098741231', 24158792),
	(268, 'CELULAR', '098741231', 15849853),
	(269, 'CELULAR', '099541252', 41254569),
	(270, 'CELULAR', '098457410', 21453325),
	(271, 'CELULAR', '095412002', 14788745),
	(272, 'CELULAR', '099541201', 31022037),
	(273, 'CELULAR', '096541203', 31021237),
	(274, 'CELULAR', '094541201', 54120128),
	(275, 'CELULAR', '096521332', 14512031),
	(276, 'CELULAR', '098741231', 35241021),
	(277, 'CELULAR', '014578954', 41023982),
	(278, 'CELULAR', '021457895', 14152637),
	(279, 'CELULAR', '098741231', 63210102),
	(280, 'CELULAR', '098741231', 25647893),
	(281, 'CELULAR', '097485632', 41245786),
	(283, 'CELULAR', '014578954', 35639636),
	(284, 'CELULAR', '085741245', 14528953),
	(285, 'CELULAR', '098741231', 41547893),
	(286, 'CELULAR', '096521451', 42011233),
	(287, 'CELULAR', '095478123', 15421528),
	(288, 'CELULAR', '098741524', 5412474),
	(289, 'EMAIL', 'rfirpo@domain.com', 5412474),
	(290, 'CELULAR', '976547895', 4512635),
	(291, 'CELULAR', '098455662', 45124108),
	(292, 'TELEFONO', '24056578', 45124108),
	(293, 'EMAIL', 'florencia.vaucher@domail.com', 45124108),
	(294, 'CELULAR', '085478965', 47896636);
/*!40000 ALTER TABLE `agenda` ENABLE KEYS */;


-- Volcando estructura para tabla est_vaucher.authorities
DROP TABLE IF EXISTS `authorities`;
CREATE TABLE IF NOT EXISTS `authorities` (
  `auth_id` int(11) NOT NULL AUTO_INCREMENT,
  `username` varchar(50) DEFAULT NULL,
  `authority` varchar(50) DEFAULT NULL,
  PRIMARY KEY (`auth_id`)
) ENGINE=InnoDB AUTO_INCREMENT=3 DEFAULT CHARSET=latin1;

-- Volcando datos para la tabla est_vaucher.authorities: ~2 rows (aproximadamente)
/*!40000 ALTER TABLE `authorities` DISABLE KEYS */;
REPLACE INTO `authorities` (`auth_id`, `username`, `authority`) VALUES
	(1, 'admin', 'ROLE_ADMIN'),
	(2, 'admin', 'ROLE_USER');
/*!40000 ALTER TABLE `authorities` ENABLE KEYS */;


-- Volcando estructura para tabla est_vaucher.aux_precios
DROP TABLE IF EXISTS `aux_precios`;
CREATE TABLE IF NOT EXISTS `aux_precios` (
  `aux_prec_id` int(11) NOT NULL AUTO_INCREMENT,
  `aux_prec_id_list` int(11) DEFAULT NULL,
  `aux_prec_fech_ini` date DEFAULT NULL,
  `aux_prec_fech_fin` date DEFAULT NULL,
  `aux_prec_descripcion` varchar(50) DEFAULT NULL,
  PRIMARY KEY (`aux_prec_id`),
  UNIQUE KEY `aux_prec_fech_ini_aux_prec_fech_fin` (`aux_prec_fech_ini`,`aux_prec_fech_fin`),
  KEY `aux_prec_id_list` (`aux_prec_id_list`)
) ENGINE=InnoDB AUTO_INCREMENT=54 DEFAULT CHARSET=latin1;

-- Volcando datos para la tabla est_vaucher.aux_precios: ~11 rows (aproximadamente)
/*!40000 ALTER TABLE `aux_precios` DISABLE KEYS */;
REPLACE INTO `aux_precios` (`aux_prec_id`, `aux_prec_id_list`, `aux_prec_fech_ini`, `aux_prec_fech_fin`, `aux_prec_descripcion`) VALUES
	(26, 1, '2014-12-18', '2015-01-01', 'Lista del 18/12/2014 al 01/01/2015'),
	(27, 2, '2015-01-02', '2015-02-01', 'Lista Verano 2015'),
	(28, 3, '2015-02-02', '2015-03-01', 'Lista Febrero 2015'),
	(29, 4, '2015-03-02', '2015-05-01', 'Lista Marzo-Abril-2015'),
	(41, 5, '2015-05-02', '2015-05-26', 'Lista Nro 5'),
	(42, 6, '2015-05-02', '2015-05-27', 'Lista Nro 6'),
	(43, 7, '2015-05-28', '2015-05-30', 'Lista Nro 6'),
	(44, 8, '2015-05-31', '2015-06-01', 'Lista Nro 8'),
	(46, 9, '2015-06-02', '2015-07-01', 'Lista Nro 9'),
	(47, 10, '2015-07-02', '2015-08-01', 'Lista Julio-Agosto-2015'),
	(48, 11, '2015-08-02', '2015-09-01', 'Lista Agosto-Setiembre-2015'),
	(49, 12, '2015-09-02', '2015-10-01', 'Lista Setiembre-Octubre-2015'),
	(50, 13, '2015-10-02', '2015-11-01', 'Lista Octubre-Noviembre-2015'),
	(51, 14, '2015-11-02', '2015-12-01', 'Lista Noviembre Diciembre'),
	(52, 15, '2016-01-02', '2016-02-01', 'Enero-Febrero-2016'),
	(53, 16, '2016-02-02', '2016-03-01', 'Febrero-Marzo-2016');
/*!40000 ALTER TABLE `aux_precios` ENABLE KEYS */;


-- Volcando estructura para tabla est_vaucher.cuentas
DROP TABLE IF EXISTS `cuentas`;
CREATE TABLE IF NOT EXISTS `cuentas` (
  `cuenta_id` int(11) NOT NULL AUTO_INCREMENT,
  `cuenta_form_pago_desc` varchar(6) NOT NULL,
  `cuenta_monto` int(11) NOT NULL DEFAULT '0',
  `cuenta_tipo_movimiento` varchar(7) NOT NULL,
  `cuenta_fecha` date NOT NULL,
  PRIMARY KEY (`cuenta_id`),
  KEY `formas_de_pago` (`cuenta_form_pago_desc`),
  CONSTRAINT `formas_de_pago` FOREIGN KEY (`cuenta_form_pago_desc`) REFERENCES `formas_de_pagos` (`form_pag_abreviacion`)
) ENGINE=InnoDB DEFAULT CHARSET=latin1;

-- Volcando datos para la tabla est_vaucher.cuentas: ~0 rows (aproximadamente)
/*!40000 ALTER TABLE `cuentas` DISABLE KEYS */;
/*!40000 ALTER TABLE `cuentas` ENABLE KEYS */;


-- Volcando estructura para tabla est_vaucher.direccion
DROP TABLE IF EXISTS `direccion`;
CREATE TABLE IF NOT EXISTS `direccion` (
  `dir_id` int(11) NOT NULL AUTO_INCREMENT,
  `tpo_Vivienda` varchar(50) DEFAULT NULL,
  `calle` varchar(50) DEFAULT NULL,
  `nro_Puerta` int(11) DEFAULT NULL,
  `nro_Ap` int(11) DEFAULT NULL,
  `calle_1` varchar(50) DEFAULT NULL,
  `calle_2` varchar(50) DEFAULT NULL,
  `pac_cedula` int(8),
  PRIMARY KEY (`dir_id`),
  KEY `pacientes_direccion` (`pac_cedula`),
  CONSTRAINT `pacientes_direccion` FOREIGN KEY (`pac_cedula`) REFERENCES `pacientes` (`cedula`)
) ENGINE=InnoDB AUTO_INCREMENT=278 DEFAULT CHARSET=latin1;

-- Volcando datos para la tabla est_vaucher.direccion: ~79 rows (aproximadamente)
/*!40000 ALTER TABLE `direccion` DISABLE KEYS */;
REPLACE INTO `direccion` (`dir_id`, `tpo_Vivienda`, `calle`, `nro_Puerta`, `nro_Ap`, `calle_1`, `calle_2`, `pac_cedula`) VALUES
	(32, 'CASA', 'Cairoli', 2076, 0, 'Avenida Italia', 'Abalos', 44188684),
	(33, 'CASA', 'Roldos y Pons', 2020, 0, 'Robinson', 'Berlin', 44247486),
	(37, 'APARTAMENTO', '18 de Julio', 2082, 106, 'Martin C Martinez', 'Requena', 24578956),
	(38, 'CASA', 'Gabriel Otero', 1450, 0, 'Bolonia', 'Dublin', 42542474),
	(39, 'CASA', 'Roldos y Pons', 2522, 201, 'Robinson', 'Berlin', 14578958),
	(40, 'CASA', 'Federico Garia Lorca', 4050, 0, '', '', 24577742),
	(41, 'CASA', 'Av A la Palaya', 1020, 0, 'Gianatasio', '', 44588795),
	(66, 'CASA', 'Cairoli', 2076, 0, 'Avenida Italia', 'Abalos', 19455549),
	(67, 'APARTAMENTO', 'Palmar', 2124, 104, 'Requena', 'Paulier', 19455549),
	(68, 'CASA', '18 de Julio', 2015, 205, 'Martin C Martinez', 'Requena', 45698741),
	(69, 'APARTAMENTO', 'Palmar', 2180, 104, 'Requena', 'Paulier', 10042763),
	(70, 'APARTAMENTO', 'Feliciano Rodriguez', 2010, 107, 'Ramon Anador', 'Rivera', 12456637),
	(71, 'CASA', 'Cardal', 1046, 0, 'Francisco Simon', 'Luis Alberto de Herrera', 35465475),
	(72, 'APARTAMENTO', 'Pirineos', 2823, 1, '8 de Octubre', 'Mateo Cortes', 42629707),
	(73, 'CASA', 'Dublin', 2015, 0, 'Mones Roses', 'Pedro Domingo Murillo', 54145782),
	(74, 'APARTAMENTO', 'General Paz', 1506, 1005, 'Mones Roses', 'Pedro Domingo Murillo', 54145782),
	(144, 'CASA', 'San José', 2015, 0, 'Rio Negro', 'Paraguay', 24567896),
	(145, 'APARTAMENTO', 'Cerro Largo', 2425, 4, 'Juan Carlos Gomez', 'Treinta y Tres', 24157481),
	(146, 'APARTAMENTO', 'Gaboto', 2056, 105, 'Colonia', 'Mercedes', 45789653),
	(147, 'APARTAMENTO', 'Luis Alberto de Herrera', 2015, 405, 'Montes Caseros', 'Otra', 45156898),
	(148, 'CASA', 'Sevilla', 1478, 0, '', '', 25890747),
	(157, 'APARTAMENTO', 'Palmar', 200, 1212, 'Requena', 'Paulier', 32145771),
	(158, 'CASA', 'Palmar', 2020, 0, 'Requena', 'Paulier', 23364786),
	(159, 'CASA', 'Cairoli', 3030, 0, 'Abalos', 'Massini', 32124561),
	(160, 'CASA', 'Interbalnearea km 22', 0, 0, '', '', 41547843),
	(161, 'APARTAMENTO', 'Francisco Simón', 2015, 105, 'Cairoli', 'Minesota', 65453215),
	(162, 'APARTAMENTO', '18 de Julio', 1745, 5, 'Tacuarembó', 'Carlos Roxlo', 54324322),
	(217, 'APARTAMENTO', 'Gonzalo Ramirez', 2145, 105, 'Garzon', 'Av Italia', 29584732),
	(218, 'APARTAMENTO', '18 de Julio', 2024, 204, 'Martin C Martinez', 'Pablo de Maria', 31245675),
	(219, 'CASA', 'Gianatassio', 6050, 0, '', '', 31245675),
	(220, 'APARTAMENTO', '18 de Julio', 3020, 5, 'Convencion', 'Andes', 41578943),
	(221, 'APARTAMENTO', '18 de Julio', 3010, 1020, 'Convencion', 'Andes', 62135218),
	(222, 'CASA', 'Av Italia', 2020, 0, 'Comercio', 'Sevilla', 51234568),
	(223, 'CASA', 'Av A la Paya', 2010, 0, '', '', 31245697),
	(224, 'APARTAMENTO', 'Av Brasil', 4012, 2408, 'Masini', 'Chucarro', 31245697),
	(225, 'CASA', 'Cairoli', 2484, 0, 'Masini', 'Abalos', 45213216),
	(226, 'CASA', 'Corrales', 2845, 0, 'Galvani', 'Emilio Zola', 41214153),
	(227, 'APARTAMENTO', 'Bartolome Mitre', 1416, 6, 'Sarandi', 'Buenos Aires', 54152636),
	(228, 'APARTAMENTO', 'Benito Blanco', 1425, 1003, 'Av Brasil', 'Bulevar España', 29144124),
	(229, 'APARTAMENTO', 'Rivera', 2124, 203, 'Requena', 'Paulier', 42154126),
	(230, 'CASA', 'Rivera', 2124, 0, 'Requena', 'Paulier', 61234566),
	(231, 'CASA', 'Rivera', 2050, 0, 'Requena', 'Paulier', 41021326),
	(232, 'CASA', 'Massini', 2030, 0, 'Cairoli', 'Luis Alberto de Herrera', 32145618),
	(233, 'CASA', 'Massini', 2020, 0, 'Cairoli', 'Luis Alberto de Herrera', 12034566),
	(234, 'CASA', 'Massini', 6464, 0, 'Cairoli', 'Luis Alberto de Herrera', 12542339),
	(235, 'CASA', 'Arocena', 2034, 0, 'Mones Roses', 'Lieja', 25413634),
	(236, 'CASA', 'Av Gianatassio', 4050, 0, 'Calle1', 'Calle5', 32145226),
	(237, 'CASA', 'Arocena', 1532, 0, 'Mones Roses', 'Lieja', 15478418),
	(238, 'CASA', 'Abalos', 1020, 0, 'Cairoli', 'Luis Alberto de Herrera', 14547886),
	(239, 'CASA', 'Arocena', 3030, 0, 'Mones Roses', 'Lieja', 31244455),
	(240, 'CASA', 'Arocena', 1235, 0, 'Mones Roses', 'Lieja', 23413632),
	(241, 'APARTAMENTO', 'Paulier', 2080, 205, 'Palmar', 'Rivera', 19345033),
	(242, 'CASA', 'Arocena', 2056, 0, 'M Otero', 'Schoeder', 25457892),
	(243, 'APARTAMENTO', 'Gabriel Pereira', 2145, 703, 'Rivera', 'Charrua', 24578912),
	(244, 'CASA', 'Camino Carrasco', 2030, 0, '', '', 32145624),
	(245, 'CASA', 'Calle 1', 2030, 0, 'Calle2', 'Calle3', 45632153),
	(246, 'APARTAMENTO', 'Avenida Brasil', 2014, 104, 'Calle1', 'Calle2', 47894519),
	(247, 'APARTAMENTO', 'Jiron Huascaran', 579, 2, 'Bolivar', '28 de Diciembre', 19347188),
	(248, 'CASA', 'La Marina', 206, 0, 'Avenida Brasil', 'Jr Jose M Ugarteche', 34121141),
	(249, 'APARTAMENTO', 'Avenida Bolivia', 2050, 2002, '', '', 14789454),
	(250, 'CASA', 'Marcelino Bartelot', 2024, 0, 'Gral Flores', 'Marcelino Sosa', 54124566),
	(251, 'CASA', 'Manuel B Otero', 2056, 0, 'Ancona', 'Bolognia', 24512465),
	(252, 'CASA', 'Avenida Bolivia', 4010, 0, '', '', 45267483),
	(253, 'CASA', 'Avenida Bolivia', 4040, 0, '', '', 24158792),
	(254, 'CASA', 'Manuel B Otero', 2020, 0, '', '', 15849853),
	(255, 'CASA', 'Ancona', 2013, 0, 'Av Italia', 'Juan Bautista Alberdi', 41254569),
	(256, 'CASA', 'Av San Martin', 2014, 0, '', '', 21453325),
	(257, 'CASA', 'Cavour', 2014, 0, 'Cairoli', 'Francisco Simon', 14788745),
	(258, 'CASA', 'Avenida Bolivia', 3010, 0, '', '', 31022037),
	(259, 'CASA', 'Cairoli', 1230, 0, 'Av Italia', 'Abalos', 31021237),
	(260, 'CASA', 'Av Gianatasio ', 8040, 0, '', '', 54120128),
	(261, 'CASA', 'Abalos', 2010, 0, 'Cairoli', 'Francisco Simon', 14512031),
	(262, 'CASA', 'Manuel B Otero', 2020, 0, 'Av Italia', 'Bolognia', 35241021),
	(263, 'CASA', 'Camino Carrasco', 2010, 0, '', '', 41023982),
	(264, 'CASA', 'Marcelino Bartelot', 1245, 0, '', '', 14152637),
	(265, 'CASA', 'Abalos', 3232, 0, 'Av Italia', 'Francisco Simon', 63210102),
	(266, 'CASA', 'Abalos', 2030, 0, '', '', 25647893),
	(267, 'CASA', 'Cavour', 1203, 2, 'Cairoli', 'Francisco Simon', 41245786),
	(269, 'CASA', 'Abalos', 2020, 0, '', '', 35639636),
	(270, 'APARTAMENTO', 'Av Uruguay', 1240, 102, 'Carlos Roxlo', 'Tacuarembo', 14528953),
	(271, 'CASA', 'Abalos', 2010, 0, '', '', 41547893),
	(272, 'CASA', 'Avenida Gianatasio', 2040, 0, '', '', 42011233),
	(273, 'APARTAMENTO', 'Camino Carrasco', 2014, 204, '', '', 15421528),
	(274, 'CASA', 'Arriola', 314, 5, '', '', 5412474),
	(275, 'CASA', 'Arriola', 328, 304, '', '', 4512635),
	(276, 'CASA', 'Abalos', 2010, 0, 'Av Italia', 'Francisco Simon', 45124108),
	(277, 'APARTAMENTO', 'Avenida Gianatasio', 4569, 0, 'calle A', 'calle D', 47896636);
/*!40000 ALTER TABLE `direccion` ENABLE KEYS */;


-- Volcando estructura para tabla est_vaucher.domain_user
DROP TABLE IF EXISTS `domain_user`;
CREATE TABLE IF NOT EXISTS `domain_user` (
  `dom_usr_id` int(11) NOT NULL AUTO_INCREMENT,
  `dom_usr_nom` varchar(50) NOT NULL,
  `dom_usr_ap` varchar(50) NOT NULL,
  `dom_usr_nic` varchar(50) NOT NULL,
  `dom_usr_pass` varchar(50) NOT NULL,
  `dom_usr_enabled` int(1) NOT NULL,
  PRIMARY KEY (`dom_usr_id`)
) ENGINE=InnoDB AUTO_INCREMENT=7 DEFAULT CHARSET=latin1;

-- Volcando datos para la tabla est_vaucher.domain_user: ~5 rows (aproximadamente)
/*!40000 ALTER TABLE `domain_user` DISABLE KEYS */;
REPLACE INTO `domain_user` (`dom_usr_id`, `dom_usr_nom`, `dom_usr_ap`, `dom_usr_nic`, `dom_usr_pass`, `dom_usr_enabled`) VALUES
	(1, 'admin', 'admin', 'admin', 'admin', 1),
	(2, 'German', 'Hernandez', 'hirokkanti', 'german', 1),
	(3, 'Raul', 'Hernandez', 'raul', 'rulo', 1),
	(4, 'Gabriela', 'Silveira', 'gaby', 'gaby20', 1),
	(5, 'Raul', 'Hernandez', 'raul2', 'raul2', 0),
	(6, 'Raul', 'de Pablos', 'rauldep', 'rauldep', 0);
/*!40000 ALTER TABLE `domain_user` ENABLE KEYS */;


-- Volcando estructura para tabla est_vaucher.formas_de_pagos
DROP TABLE IF EXISTS `formas_de_pagos`;
CREATE TABLE IF NOT EXISTS `formas_de_pagos` (
  `form_pag_id` int(11) NOT NULL AUTO_INCREMENT,
  `form_pag_abreviacion` varchar(6) NOT NULL,
  `form_pag_desc` varchar(50) DEFAULT NULL,
  `form_pag_tipo` varchar(2) NOT NULL,
  PRIMARY KEY (`form_pag_id`),
  KEY `form_pag_abreviacion` (`form_pag_abreviacion`)
) ENGINE=InnoDB AUTO_INCREMENT=28 DEFAULT CHARSET=latin1;

-- Volcando datos para la tabla est_vaucher.formas_de_pagos: ~9 rows (aproximadamente)
/*!40000 ALTER TABLE `formas_de_pagos` DISABLE KEYS */;
REPLACE INTO `formas_de_pagos` (`form_pag_id`, `form_pag_abreviacion`, `form_pag_desc`, `form_pag_tipo`) VALUES
	(19, 'EF', 'Efectivo', 'EF'),
	(20, 'OCA', 'Tarjeta Credito Oca', 'TC'),
	(21, 'VISA', 'Tarjeta Credito Visa', 'TC'),
	(22, 'MASTER', 'Tarjeta Credito Master', 'TC'),
	(23, 'DINERS', 'Tarjeta Credito Diners', 'TC'),
	(24, 'AMEX', 'Tarjeta Credito American Express', 'TC'),
	(25, 'BROU', 'Deposito Cuenta Brou', 'DP'),
	(26, 'ANDA', 'Tarjeta Credito Anda', 'TC'),
	(27, 'CRED', 'Credito en Efectivo', 'CE');
/*!40000 ALTER TABLE `formas_de_pagos` ENABLE KEYS */;


-- Volcando estructura para tabla est_vaucher.groups
DROP TABLE IF EXISTS `groups`;
CREATE TABLE IF NOT EXISTS `groups` (
  `id` int(11) DEFAULT NULL,
  `group_name` varchar(50) DEFAULT NULL
) ENGINE=InnoDB DEFAULT CHARSET=latin1;

-- Volcando datos para la tabla est_vaucher.groups: ~4 rows (aproximadamente)
/*!40000 ALTER TABLE `groups` DISABLE KEYS */;
REPLACE INTO `groups` (`id`, `group_name`) VALUES
	(1, 'GROUP_MEMBERS_ADMIN'),
	(2, 'GROUP_MEMBERS_CEO'),
	(3, 'GROUP_MEMBERS_ENCARGADO'),
	(4, 'GROUP_MEMBERS_MASAJISTA');
/*!40000 ALTER TABLE `groups` ENABLE KEYS */;


-- Volcando estructura para tabla est_vaucher.group_authorities
DROP TABLE IF EXISTS `group_authorities`;
CREATE TABLE IF NOT EXISTS `group_authorities` (
  `group_id` int(11) DEFAULT NULL,
  `authority` varchar(50) DEFAULT NULL
) ENGINE=InnoDB DEFAULT CHARSET=latin1;

-- Volcando datos para la tabla est_vaucher.group_authorities: ~2 rows (aproximadamente)
/*!40000 ALTER TABLE `group_authorities` DISABLE KEYS */;
REPLACE INTO `group_authorities` (`group_id`, `authority`) VALUES
	(1, 'ROLE_ADMIN'),
	(1, 'ROLE_OTRO');
/*!40000 ALTER TABLE `group_authorities` ENABLE KEYS */;


-- Volcando estructura para tabla est_vaucher.group_members
DROP TABLE IF EXISTS `group_members`;
CREATE TABLE IF NOT EXISTS `group_members` (
  `group_id` int(11) DEFAULT NULL,
  `username` varchar(50) DEFAULT NULL
) ENGINE=InnoDB DEFAULT CHARSET=latin1;

-- Volcando datos para la tabla est_vaucher.group_members: ~4 rows (aproximadamente)
/*!40000 ALTER TABLE `group_members` DISABLE KEYS */;
REPLACE INTO `group_members` (`group_id`, `username`) VALUES
	(1, 'admin'),
	(2, 'raul'),
	(3, 'gaby'),
	(4, 'test');
/*!40000 ALTER TABLE `group_members` ENABLE KEYS */;


-- Volcando estructura para tabla est_vaucher.historial_pagos
DROP TABLE IF EXISTS `historial_pagos`;
CREATE TABLE IF NOT EXISTS `historial_pagos` (
  `hist_pagos_id` int(11) NOT NULL AUTO_INCREMENT,
  `hist_pagos_trat_pac_id` int(11) DEFAULT NULL,
  `hist_tipo_pago` varchar(50) DEFAULT NULL,
  `hist_pagos_fecha_pago` date DEFAULT NULL,
  `hist_pagos_monto` int(11) DEFAULT NULL,
  PRIMARY KEY (`hist_pagos_id`),
  KEY `hist__pagos_trat_pac_id` (`hist_pagos_trat_pac_id`),
  CONSTRAINT `FK_historial_pagos_tratamiento_paciente` FOREIGN KEY (`hist_pagos_trat_pac_id`) REFERENCES `tratamiento_paciente` (`trat_pac_id`)
) ENGINE=InnoDB AUTO_INCREMENT=594 DEFAULT CHARSET=latin1;

-- Volcando datos para la tabla est_vaucher.historial_pagos: ~393 rows (aproximadamente)
/*!40000 ALTER TABLE `historial_pagos` DISABLE KEYS */;
REPLACE INTO `historial_pagos` (`hist_pagos_id`, `hist_pagos_trat_pac_id`, `hist_tipo_pago`, `hist_pagos_fecha_pago`, `hist_pagos_monto`) VALUES
	(1, 42, NULL, '2014-11-19', 5000),
	(2, 41, NULL, '2014-11-19', 500),
	(3, 41, NULL, '2014-11-19', 500),
	(4, 41, NULL, '2014-11-19', 500),
	(5, 41, NULL, '2014-11-19', 500),
	(6, 41, NULL, '2014-11-19', 500),
	(7, 41, NULL, '2014-11-19', 300),
	(8, 41, NULL, '2014-11-19', 400),
	(9, 42, NULL, '2014-11-19', 100),
	(10, 41, NULL, '2014-11-19', 200),
	(11, 41, NULL, '2014-11-19', 200),
	(12, 41, NULL, '2014-11-20', 200),
	(13, 41, NULL, '2014-11-20', 300),
	(14, 41, NULL, '2014-11-20', 300),
	(15, 41, NULL, '2014-11-20', 300),
	(16, 41, NULL, '2014-11-20', 200),
	(17, 41, NULL, '2014-11-20', 1300),
	(18, 42, NULL, '2014-11-20', -1000),
	(19, 39, NULL, '2014-11-20', 1000),
	(20, 39, NULL, '2014-11-20', 500),
	(21, 43, NULL, '2014-11-20', 1500),
	(22, 43, NULL, '2014-11-20', 2000),
	(23, 43, NULL, '2014-11-20', 1500),
	(25, 43, NULL, '2014-11-20', 100),
	(27, 43, NULL, '2014-11-21', 1900),
	(47, 43, NULL, '2014-11-21', 100),
	(48, 43, NULL, '2014-11-21', 200),
	(49, 43, NULL, '2014-11-21', 300),
	(50, 43, NULL, '2014-11-21', 100),
	(51, 43, NULL, '2014-11-21', 500),
	(52, 43, NULL, '2014-11-21', 300),
	(53, 43, NULL, '2014-11-21', 200),
	(54, 43, NULL, '2014-11-21', 800),
	(55, 42, NULL, '2014-11-21', 300),
	(56, 42, NULL, '2014-11-21', -300),
	(57, 43, NULL, '2014-11-21', 1500),
	(58, 44, NULL, '2014-11-21', 3500),
	(59, 44, NULL, '2014-11-21', 300),
	(60, 44, NULL, '2014-11-21', 1500),
	(61, 45, NULL, '2014-11-21', 200),
	(62, 44, NULL, '2014-11-21', 200),
	(63, 45, NULL, '2014-11-21', 1000),
	(64, 44, NULL, '2014-11-21', 1000),
	(65, 44, NULL, '2014-11-22', 500),
	(66, 44, NULL, '2014-11-22', 500),
	(67, 44, NULL, '2014-11-22', 500),
	(68, 44, NULL, '2014-11-23', 200),
	(69, 44, NULL, '2014-11-23', 100),
	(70, 43, NULL, '2014-11-23', 500),
	(71, 46, NULL, '2014-11-23', 500),
	(72, 46, NULL, '2014-11-24', 1500),
	(73, 47, NULL, '2014-11-24', 500),
	(74, 47, NULL, '2014-11-24', 2000),
	(75, 47, NULL, '2014-11-25', 2000),
	(76, 48, NULL, '2014-11-25', 5500),
	(77, 48, NULL, '2014-11-25', 3),
	(78, 48, NULL, '2014-11-25', 2997),
	(79, 49, NULL, '2014-11-28', 800),
	(80, 27, NULL, '2014-11-30', 650),
	(81, 50, NULL, '2014-12-01', 500),
	(82, 49, NULL, '2014-12-01', 5000),
	(83, 51, NULL, '2014-12-01', 5000),
	(84, 56, NULL, '2014-12-01', 2000),
	(85, 57, NULL, '2014-12-01', 6500),
	(86, 56, NULL, '2014-12-01', 300),
	(87, 58, NULL, '2014-12-01', 6500),
	(88, 56, NULL, '2014-12-01', 100),
	(89, 60, NULL, '2014-12-01', 2500),
	(90, 61, NULL, '2014-12-01', 490),
	(91, 62, NULL, '2014-12-01', 6500),
	(92, 63, NULL, '2014-12-01', 4000),
	(93, 65, NULL, '2014-12-01', 4500),
	(94, 66, NULL, '2014-12-01', 450),
	(95, 64, NULL, '2014-12-01', 8400),
	(96, 56, NULL, '2014-12-01', 100),
	(97, 57, NULL, '2014-12-01', 2000),
	(98, 64, NULL, '2014-12-01', 100),
	(99, 59, NULL, '2014-12-01', 4500),
	(100, 68, NULL, '2014-12-01', 1500),
	(101, 31, NULL, '2014-12-01', 850),
	(102, 70, NULL, '2014-12-01', 350),
	(103, 71, NULL, '2014-12-01', 1500),
	(104, 71, NULL, '2014-12-01', 100),
	(105, 72, NULL, '2014-12-01', 7500),
	(106, 73, NULL, '2014-12-02', 6000),
	(107, 71, NULL, '2014-12-02', 500),
	(108, 74, NULL, '2014-12-02', 4000),
	(109, 74, NULL, '2014-12-02', 400),
	(110, 67, NULL, '2014-12-02', 4000),
	(111, 75, NULL, '2014-12-02', 500),
	(112, 76, NULL, '2014-12-02', 9100),
	(113, 76, NULL, '2014-12-04', 400),
	(114, 41, NULL, '2014-11-19', 300),
	(115, 77, NULL, '2014-12-05', 6300),
	(116, 77, NULL, '2014-12-05', 500),
	(117, 77, NULL, '2014-12-05', 500),
	(118, 77, NULL, '2014-12-06', 870),
	(119, 41, NULL, '2014-11-19', 300),
	(120, 41, NULL, '2014-11-19', 300),
	(121, 82, NULL, '2014-12-12', 1000),
	(122, 85, NULL, '2014-12-12', 100),
	(123, 86, NULL, '2014-12-12', 500),
	(124, 85, NULL, '2014-12-12', 390),
	(125, 86, NULL, '2014-12-12', 9000),
	(126, 88, NULL, '2014-12-12', 500),
	(127, 118, NULL, '2014-12-13', 500),
	(128, 114, NULL, '2014-12-13', 850),
	(129, 77, NULL, '2014-12-13', 630),
	(130, 78, NULL, '2014-12-13', 6500),
	(131, 79, NULL, '2014-12-13', 3400),
	(132, 80, NULL, '2014-12-13', 5100),
	(133, 82, NULL, '2014-12-13', 2800),
	(134, 83, NULL, '2014-12-13', 850),
	(135, 84, NULL, '2014-12-13', 5100),
	(136, 115, NULL, '2014-12-13', 850),
	(137, 117, NULL, '2014-12-13', 850),
	(138, 118, NULL, '2014-12-13', 2000),
	(139, 119, NULL, '2014-12-13', 5700),
	(140, 119, NULL, '2014-12-13', 500),
	(141, 120, NULL, '2014-12-15', 800),
	(142, 120, NULL, '2014-12-15', -300),
	(143, 116, NULL, '2014-12-15', 800),
	(144, 67, NULL, '2014-12-18', 500),
	(145, 121, NULL, '2014-12-18', 1500),
	(146, 121, NULL, '2014-12-18', 800),
	(147, 112, NULL, '2014-12-22', 4500),
	(148, 87, NULL, '2014-12-23', 90),
	(149, 122, NULL, '2014-12-23', 200),
	(150, 122, NULL, '2014-12-23', 800),
	(151, 107, NULL, '2014-12-23', 50),
	(152, 108, NULL, '2014-12-23', 500),
	(153, 109, NULL, '2014-12-23', 4000),
	(154, 110, NULL, '2014-12-23', 3500),
	(155, 111, NULL, '2014-12-23', 6200),
	(156, 107, NULL, '2014-12-23', 800),
	(157, 108, NULL, '2014-12-23', 2000),
	(158, 109, NULL, '2014-12-23', 500),
	(159, 110, NULL, '2014-12-23', 300),
	(160, 123, NULL, '2014-12-23', 50),
	(161, 122, NULL, '2014-12-23', 2200),
	(162, 123, NULL, '2014-12-23', 600),
	(163, 73, NULL, '2014-12-26', 700),
	(164, 124, NULL, '2015-12-29', 300),
	(165, 116, NULL, '2015-12-29', 50),
	(166, 126, NULL, '2015-12-29', 300),
	(167, 44, NULL, '2015-12-29', 200),
	(168, 127, NULL, '2015-01-07', 650),
	(169, 130, NULL, '2015-01-08', 800),
	(170, 147, NULL, '2015-01-08', 850),
	(171, 75, NULL, '2015-01-08', 4700),
	(172, 100, NULL, '2015-01-08', 800),
	(173, 174, NULL, '2015-01-09', 4700),
	(174, 69, NULL, '2015-01-09', 2100),
	(175, 175, NULL, '2015-01-09', 8500),
	(176, 176, NULL, '2015-01-09', 2900),
	(177, 177, NULL, '2015-01-09', 8500),
	(178, 178, NULL, '2015-01-09', 850),
	(179, 179, NULL, '2015-01-09', 3500),
	(180, 180, NULL, '2015-01-09', 850),
	(181, 181, NULL, '2015-01-09', 850),
	(182, 182, NULL, '2015-01-09', 8500),
	(183, 183, NULL, '2015-01-09', 3500),
	(184, 184, NULL, '2015-01-09', 380),
	(185, 185, NULL, '2015-01-09', 3500),
	(186, 46, NULL, '2015-01-09', 6500),
	(187, 186, NULL, '2015-01-09', 5500),
	(188, 30, NULL, '2015-01-09', 6400),
	(189, 164, NULL, '2015-01-09', 2900),
	(190, 187, NULL, '2015-01-09', 3000),
	(191, 172, NULL, '2015-01-09', 4200),
	(192, 176, NULL, '2015-01-09', 2900),
	(193, 125, NULL, '2015-01-09', 650),
	(194, 188, NULL, '2015-01-09', 3500),
	(195, 68, NULL, '2015-01-09', 600),
	(196, 189, NULL, '2015-01-09', 3500),
	(197, 190, NULL, '2015-01-10', 3500),
	(198, 191, NULL, '2015-01-10', 4200),
	(199, 192, NULL, '2015-01-10', 2900),
	(200, 193, NULL, '2015-01-10', 450),
	(201, 39, NULL, '2015-01-10', 3500),
	(202, 194, NULL, '2015-01-10', 7000),
	(203, 195, NULL, '2015-01-10', 2900),
	(204, 196, NULL, '2015-01-11', 2900),
	(205, 197, 'VISA', '2015-01-11', 3500),
	(206, 198, 'OCA', '2015-01-12', 5500),
	(207, 199, 'AMEX', '2015-01-13', 8500),
	(208, 200, 'OCA', '2015-01-15', 8500),
	(209, 47, NULL, '2015-01-15', 4000),
	(210, 201, 'MASTER', '2015-01-15', 8500),
	(211, 205, 'EF', '2015-01-16', 850),
	(212, 206, 'EF', '2015-01-16', 3500),
	(213, 209, 'EF', '2015-01-16', 850),
	(214, 72, NULL, '2015-01-16', 100),
	(215, 214, 'CRED', '2015-01-16', 850),
	(216, 126, NULL, '2015-01-16', 350),
	(217, 215, 'CRED', '2015-01-16', 850),
	(218, 216, 'CRED', '2015-01-16', 850),
	(219, 217, 'CRED', '2015-01-16', 200),
	(220, 218, 'CRED', '2015-01-16', 0),
	(221, 219, 'CRED', '2015-01-16', 200),
	(222, 220, 'CRED', '2015-01-16', 200),
	(223, 221, 'CRED', '2015-01-16', 200),
	(224, 222, 'CRED', '2015-01-16', 200),
	(225, 223, 'CRED', '2015-01-16', 200),
	(226, 224, 'CRED', '2015-01-16', 200),
	(227, 225, 'CRED', '2015-01-16', 200),
	(228, 226, 'CRED', '2015-01-16', 0),
	(229, 227, 'CRED', '2015-01-16', 200),
	(231, 229, 'CRED', '2015-01-16', 200),
	(232, 230, 'CRED', '2015-01-16', 200),
	(233, 230, NULL, '2015-01-16', 650),
	(234, 231, 'CRED', '2015-01-16', 500),
	(235, 232, 'CRED', '2015-01-16', 300),
	(236, 232, NULL, '2015-01-16', 300),
	(237, 232, NULL, '2015-01-16', 250),
	(238, 233, 'CRED', '2015-01-16', 200),
	(239, 233, 'CRED', '2015-01-16', 200),
	(240, 233, 'CRED', '2015-01-16', 100),
	(241, 233, 'CRED', '2015-01-16', 350),
	(242, 234, 'EF', '2015-01-16', 3500),
	(243, 235, 'CRED', '2015-01-16', 100),
	(244, 171, 'CRED', '2015-01-16', 450),
	(245, 106, 'CRED', '2015-01-16', 850),
	(246, 236, 'CRED', '2015-01-16', 2500),
	(247, 236, 'CRED', '2015-01-16', 100),
	(248, 236, 'CRED', '2015-01-16', 900),
	(249, 236, 'CRED', '2015-01-16', 4000),
	(250, 237, 'VISA', '2015-01-16', 4700),
	(251, 238, 'CRED', '2015-01-17', 3500),
	(252, 239, 'EF', '2015-01-17', 3500),
	(253, 240, 'OCA', '2015-01-17', 8500),
	(254, 238, 'CRED', '2015-01-17', 800),
	(255, 238, 'CRED', '2015-01-17', 2000),
	(256, 241, 'VISA', '2015-01-17', 7600),
	(257, 238, 'CRED', '2015-01-17', 700),
	(258, 242, 'EF', '2015-01-17', 7600),
	(259, 243, 'ANDA', '2015-01-17', 4700),
	(260, 244, 'EF', '2015-01-17', 380),
	(261, 245, 'CRED', '2015-01-17', 400),
	(262, 245, 'CRED', '2015-01-17', 1400),
	(263, 245, 'CRED', '2015-01-17', 1200),
	(264, 246, 'VISA', '2015-01-18', 7600),
	(265, 247, 'OCA', '2015-01-19', 7600),
	(266, 248, 'CRED', '2015-01-20', 1200),
	(267, 249, 'CRED', '2015-01-20', 1300),
	(268, 249, 'CRED', '2015-01-20', 1700),
	(269, 250, 'CRED', '2015-01-22', 3000),
	(270, 250, 'CRED', '2015-01-22', 500),
	(271, 251, 'EF', '2015-01-22', 4200),
	(272, 252, 'VISA', '2015-01-22', 7600),
	(273, 253, 'OCA', '2015-01-22', 7000),
	(274, 235, 'CRED', '2015-01-22', 280),
	(275, 254, 'MASTER', '2015-01-22', 3500),
	(276, 255, 'EF', '2015-01-22', 4700),
	(277, 256, 'DINERS', '2015-01-23', 7600),
	(278, 257, 'EF', '2015-01-23', 7600),
	(279, 258, 'EF', '2015-01-23', 7600),
	(280, 259, 'AMEX', '2015-01-23', 8500),
	(281, 260, 'EF', '2015-01-23', 500),
	(282, 261, 'DINERS', '2015-01-23', 3500),
	(283, 262, 'VISA', '2015-01-23', 8900),
	(284, 263, 'EF', '2015-01-23', 400),
	(285, 264, 'AMEX', '2015-01-23', 3200),
	(286, 265, 'EF', '2015-01-27', 550),
	(287, 266, 'VISA', '2015-01-27', 7200),
	(288, 267, 'CRED', '2015-01-28', 2500),
	(289, 267, 'CRED', '2015-01-28', 6000),
	(290, 268, 'OCA', '2015-01-28', 8500),
	(291, 269, 'EF', '2015-01-28', 450),
	(292, 270, 'EF', '2015-01-29', 2850),
	(293, 271, 'CRED', '2015-01-29', 200),
	(294, 271, 'CRED', '2015-01-29', 150),
	(295, 272, 'MASTER', '2015-01-29', 2850),
	(296, 96, 'CRED', '2015-01-29', 850),
	(297, 273, 'EF', '2015-01-29', 7600),
	(298, 274, 'EF', '2015-01-31', 350),
	(299, 275, 'CRED', '2015-01-31', 5000),
	(300, 275, 'CRED', '2015-01-31', 1000),
	(301, 275, 'CRED', '2015-01-31', 1600),
	(302, 276, 'MASTER', '2015-01-31', 8500),
	(303, 277, 'EF', '2015-02-04', 1400),
	(304, 278, 'CRED', '2015-02-04', 6900),
	(305, 278, 'CRED', '2015-02-04', 2000),
	(306, 279, 'VISA', '2015-02-04', 10800),
	(307, 280, 'OCA', '2015-02-04', 2500),
	(308, 281, 'VISA', '2015-02-04', 3200),
	(309, 32, 'CRED', '2015-02-04', 5600),
	(310, 128, 'CRED', '2015-02-04', 650),
	(311, 173, 'CRED', '2015-02-04', 5500),
	(312, 282, 'MASTER', '2015-02-04', 8900),
	(313, 283, 'CRED', '2015-02-04', 2500),
	(314, 283, 'CRED', '2015-02-04', 1200),
	(315, 284, 'CRED', '2015-02-05', 2000),
	(316, 284, 'CRED', '2015-02-05', 2500),
	(317, 285, 'EF', '2015-02-05', 600),
	(318, 286, 'VISA', '2015-02-05', 3700),
	(319, 287, 'EF', '2015-02-05', 8900),
	(320, 288, 'AMEX', '2015-02-05', 7875),
	(321, 41, NULL, '2014-11-19', 300),
	(322, 41, NULL, '2014-11-19', 300),
	(323, 29, 'CRED', '2015-03-09', 8500),
	(324, 168, 'CRED', '2015-03-13', 7000),
	(325, 155, 'CRED', '2015-03-13', 850),
	(326, 151, 'CRED', '2015-03-13', 3500),
	(327, 149, 'CRED', '2015-03-13', 850),
	(328, 41, NULL, '2014-11-19', 300),
	(329, 289, 'EF', '2015-03-22', 10700),
	(330, 290, 'CRED', '2015-03-22', 8000),
	(331, 290, 'CRED', '2015-03-22', 2000),
	(332, 290, 'CRED', '2015-03-22', 3400),
	(333, 292, 'OCA', '2015-03-22', 9200),
	(334, 293, 'EF', '2015-03-22', 250),
	(335, 183, 'CRED', '2015-04-13', 3500),
	(336, 294, 'EF', '2015-04-15', 1050),
	(337, 295, 'EF', '2015-04-15', 450),
	(338, 296, 'EF', '2015-04-15', 790),
	(339, 236, 'CRED', '2015-04-15', 1000),
	(340, 297, 'EF', '2015-05-22', 10700),
	(341, 298, 'EF', '2015-05-22', 150),
	(342, 299, 'OCA', '2015-05-22', 10400),
	(343, 300, 'CRED', '2015-05-23', 6000),
	(344, 300, 'CRED', '2015-05-23', 6100),
	(345, 300, 'CRED', '2015-05-23', 500),
	(346, 301, 'EF', '2015-05-24', 150),
	(347, 302, 'EF', '2015-05-24', 150),
	(348, 303, 'EF', '2015-05-24', 150),
	(349, 304, 'VISA', '2015-05-24', 9700),
	(350, 305, 'EF', '2015-05-25', 450),
	(351, 167, 'CRED', '2015-05-25', 850),
	(352, 124, 'CRED', '2015-05-25', 350),
	(353, 130, 'CRED', '2015-05-25', 50),
	(354, 131, 'CRED', '2015-05-25', 850),
	(355, 132, 'CRED', '2015-05-25', 850),
	(356, 166, 'CRED', '2015-05-25', 850),
	(357, 141, 'CRED', '2015-05-25', 8500),
	(358, 133, 'CRED', '2015-05-25', 850),
	(359, 134, 'CRED', '2015-05-25', 850),
	(360, 140, 'CRED', '2015-05-25', 850),
	(361, 135, 'CRED', '2015-05-25', 850),
	(362, 136, 'CRED', '2015-05-25', 850),
	(363, 137, 'CRED', '2015-05-25', 850),
	(364, 138, 'CRED', '2015-05-25', 850),
	(365, 139, 'CRED', '2015-05-25', 850),
	(366, 165, 'CRED', '2015-05-25', 850),
	(367, 154, 'CRED', '2015-05-25', 850),
	(368, 148, 'CRED', '2015-05-25', 850),
	(369, 146, 'CRED', '2015-05-25', 850),
	(370, 145, 'CRED', '2015-05-25', 850),
	(371, 144, 'CRED', '2015-05-25', 850),
	(372, 143, 'CRED', '2015-05-25', 850),
	(373, 142, 'CRED', '2015-05-25', 850),
	(374, 306, 'ANDA', '2015-05-25', 850),
	(375, 307, 'ANDA', '2015-05-25', 13400),
	(376, 308, 'EF', '2015-05-25', 150),
	(377, 309, 'EF', '2015-05-25', 790),
	(378, 310, 'EF', '2015-05-25', 9500),
	(379, 311, 'EF', '2015-05-26', 9500),
	(380, 312, 'CRED', '2015-05-26', 5400),
	(381, 312, 'CRED', '2015-05-26', 5000),
	(382, 113, 'CRED', '2015-05-26', 850),
	(383, 177, 'CRED', '2015-05-26', 8500),
	(384, 178, 'CRED', '2015-05-26', 850),
	(385, 179, 'CRED', '2015-05-26', 3500),
	(386, 180, 'CRED', '2015-05-26', 850),
	(387, 313, 'EF', '2015-05-26', 10700),
	(388, 312, 'CRED', '2015-05-26', 2000),
	(389, 314, 'CRED', '2015-05-26', 1200),
	(390, 314, 'CRED', '2015-05-26', 1500),
	(391, 314, 'CRED', '2015-05-26', 500),
	(392, 314, 'CRED', '2015-05-26', 1000),
	(393, 315, 'EF', '2015-05-26', 450),
	(394, 316, 'ANDA', '2015-05-26', 10400),
	(395, 317, 'CRED', '2015-05-26', 5000),
	(396, 318, 'EF', '2015-05-27', 1500),
	(397, 102, 'CRED', '2015-05-28', 800),
	(398, 101, 'CRED', '2015-05-28', 4500),
	(399, 103, 'CRED', '2015-05-28', 2500),
	(400, 162, 'CRED', '2015-05-28', 850),
	(401, 163, 'CRED', '2015-05-28', 4700),
	(402, 319, 'DINERS', '2015-05-28', 12400),
	(403, 320, 'EF', '2015-05-31', 1500),
	(404, 150, 'CRED', '2015-05-31', 6300),
	(405, 321, 'EF', '2015-05-31', 9700),
	(406, 322, 'VISA', '2015-05-31', 10700),
	(407, 323, 'CRED', '2015-05-31', 6000),
	(408, 323, 'CRED', '2015-05-31', 200),
	(409, 324, 'EF', '2015-05-31', 1050),
	(410, 325, 'EF', '2015-06-01', 10700),
	(411, 326, 'EF', '2015-06-01', 1050),
	(412, 327, 'VISA', '2015-06-01', 10700),
	(413, 328, 'EF', '2015-06-01', 10700),
	(414, 329, 'VISA', '2015-06-01', 6200),
	(415, 330, 'CRED', '2015-06-01', 8000),
	(416, 330, 'CRED', '2015-06-01', 1200),
	(417, 331, 'EF', '2015-06-01', 200),
	(418, 332, 'CRED', '2015-06-02', 1000),
	(419, 332, 'CRED', '2015-06-02', 500),
	(420, 333, 'EF', '2015-06-02', 150),
	(421, 334, 'EF', '2015-06-02', 150),
	(422, 41, NULL, '2014-11-19', 300),
	(423, 335, 'EF', '2015-06-07', 1050),
	(424, 336, 'EF', '2015-06-07', 700),
	(425, 337, 'EF', '2015-06-08', 1500),
	(426, 41, 'CRED', '2015-06-08', -600),
	(427, 63, 'CRED', '2015-06-08', 500),
	(428, 338, 'VISA', '2015-06-08', 3000),
	(429, 339, 'MASTER', '2015-06-08', 6200),
	(430, 340, 'EF', '2015-06-08', 1500),
	(431, 341, 'EF', '2015-06-08', 3000),
	(432, 342, 'EF', '2015-06-09', 850),
	(433, 343, 'EF', '2015-06-10', 1050),
	(434, 344, 'AMEX', '2015-06-10', 2300),
	(435, 345, 'EF', '2015-06-10', 3100),
	(436, 346, 'EF', '2015-06-14', 9700),
	(437, 347, 'CRED', '2015-06-14', 5000),
	(438, 347, 'CRED', '2015-06-14', -2100),
	(439, 348, 'CRED', '2015-06-14', 5700),
	(440, 348, 'CRED', '2015-06-14', 5000),
	(441, 349, 'EF', '2015-06-14', 200),
	(442, 350, 'EF', '2015-06-14', 950),
	(443, 351, 'OCA', '2015-06-14', 850),
	(444, 352, 'EF', '2015-06-14', 1050),
	(445, 353, 'EF', '2015-06-27', 1050),
	(446, 354, 'OCA', '2015-06-27', 10700),
	(447, 355, 'EF', '2015-06-29', 9700),
	(448, 356, 'EF', '2015-06-29', 1050),
	(449, 357, 'DINERS', '2015-06-29', 13400),
	(450, 358, 'EF', '2015-06-30', 1050),
	(451, 359, 'EF', '2015-07-03', 1050),
	(452, 360, 'EF', '2015-07-05', 1050),
	(453, 361, 'EF', '2015-07-05', 1050),
	(454, 362, 'EF', '2015-07-05', 1050),
	(455, 363, 'OCA', '2015-07-05', 1050),
	(456, 364, 'EF', '2015-07-05', 950),
	(457, 365, 'AMEX', '2015-07-05', 9200),
	(458, 366, 'OCA', '2015-07-05', 12600),
	(459, 367, 'EF', '2015-07-06', 1050),
	(460, 368, 'VISA', '2015-07-06', 3100),
	(461, 369, 'EF', '2015-07-09', 1050),
	(462, 370, 'MASTER', '2015-07-10', 4200),
	(463, 371, 'EF', '2015-07-10', 1050),
	(464, 372, 'EF', '2015-07-10', 250),
	(465, 373, 'EF', '2015-07-11', 850),
	(466, 374, 'OCA', '2015-07-11', 10400),
	(467, 375, 'EF', '2015-07-12', 1050),
	(468, 376, 'EF', '2015-07-12', 1050),
	(469, 377, 'EF', '2015-07-12', 1050),
	(470, 378, 'EF', '2015-07-12', 1050),
	(471, 379, 'EF', '2015-07-12', 1050),
	(472, 380, 'EF', '2015-07-12', 1050),
	(473, 381, 'EF', '2015-07-12', 1050),
	(474, 382, 'EF', '2015-07-12', 1050),
	(475, 383, 'EF', '2015-07-12', 1050),
	(476, 384, 'EF', '2015-07-12', 1050),
	(477, 385, 'EF', '2015-07-12', 1050),
	(478, 386, 'EF', '2015-07-12', 1050),
	(479, 387, 'EF', '2015-07-12', 1050),
	(480, 388, 'EF', '2015-07-12', 1050),
	(481, 389, 'EF', '2015-07-12', 1050),
	(482, 390, 'EF', '2015-07-12', 1050),
	(483, 391, 'EF', '2015-07-12', 1050),
	(484, 392, 'EF', '2015-07-12', 1050),
	(485, 393, 'EF', '2015-07-12', 1050),
	(486, 394, 'EF', '2015-07-12', 1050),
	(488, 396, 'EF', '2015-07-12', 1050),
	(489, 397, 'EF', '2015-07-12', 1050),
	(490, 398, 'EF', '2015-07-12', 1050),
	(491, 399, 'EF', '2015-07-12', 1050),
	(492, 400, 'EF', '2015-07-12', 1050),
	(493, 401, 'EF', '2015-07-12', 1050),
	(494, 402, 'EF', '2015-07-12', 9700),
	(495, 403, 'EF', '2015-07-12', 1050),
	(496, 404, 'EF', '2015-07-12', 1050),
	(497, 405, 'EF', '2015-07-12', 1050),
	(498, 406, 'EF', '2015-07-12', 1050),
	(499, 407, 'EF', '2015-07-12', 1050),
	(500, 408, 'EF', '2015-07-12', 1050),
	(501, 409, 'EF', '2015-07-12', 1050),
	(502, 410, 'EF', '2015-07-12', 1050),
	(503, 411, 'EF', '2015-07-12', 1050),
	(504, 412, 'EF', '2015-07-12', 1050),
	(505, 413, 'EF', '2015-07-12', 1050),
	(506, 414, 'EF', '2015-07-12', 1050),
	(507, 415, 'EF', '2015-07-12', 1050),
	(508, 416, 'EF', '2015-07-12', 1050),
	(509, 417, 'EF', '2015-07-12', 1050),
	(510, 418, 'EF', '2015-07-12', 1050),
	(511, 419, 'EF', '2015-07-12', 1050),
	(512, 420, 'EF', '2015-07-12', 1050),
	(513, 421, 'EF', '2015-07-12', 1050),
	(514, 422, 'EF', '2015-07-12', 1050),
	(515, 423, 'EF', '2015-07-12', 1050),
	(516, 424, 'EF', '2015-07-12', 1050),
	(517, 425, 'EF', '2015-07-12', 1050),
	(518, 426, 'EF', '2015-07-12', 1050),
	(519, 427, 'EF', '2015-07-12', 1050),
	(520, 428, 'EF', '2015-07-12', 1050),
	(521, 429, 'EF', '2015-07-12', 1050),
	(522, 430, 'EF', '2015-07-12', 1050),
	(523, 431, 'EF', '2015-07-12', 1050),
	(524, 432, 'EF', '2015-07-12', 1050),
	(525, 433, 'EF', '2015-07-12', 1050),
	(526, 434, 'EF', '2015-07-12', 1050),
	(527, 435, 'EF', '2015-07-12', 1050),
	(528, 436, 'EF', '2015-07-12', 1050),
	(529, 437, 'EF', '2015-07-12', 1050),
	(530, 438, 'EF', '2015-07-12', 1050),
	(531, 439, 'EF', '2015-07-13', 1050),
	(532, 440, 'EF', '2015-07-13', 1050),
	(533, 441, 'EF', '2015-07-13', 12400),
	(534, 442, 'EF', '2015-07-14', 1050),
	(535, 443, 'EF', '2015-07-14', 1050),
	(536, 444, 'EF', '2015-07-14', 1050),
	(537, 445, 'EF', '2015-07-15', 450),
	(538, 446, 'EF', '2015-07-16', 1050),
	(539, 447, 'EF', '2015-07-16', 1050),
	(540, 448, 'EF', '2015-07-16', 1050),
	(541, 449, 'EF', '2015-07-16', 1050),
	(542, 450, 'EF', '2015-07-16', 1050),
	(543, 451, 'EF', '2015-07-16', 1050),
	(544, 452, 'EF', '2015-07-16', 1050),
	(545, 453, 'EF', '2015-07-16', 1050),
	(546, 454, 'EF', '2015-07-16', 1050),
	(547, 455, 'EF', '2015-07-19', 4200),
	(548, 456, 'EF', '2015-07-29', 10700),
	(549, 457, 'EF', '2015-08-01', 1050),
	(550, 28, 'CRED', '2015-08-01', 850),
	(551, 458, 'EF', '2015-08-01', 1050),
	(552, 459, 'EF', '2015-08-19', 1050),
	(553, 460, 'EF', '2015-08-19', 3100),
	(554, 461, 'OCA', '2015-08-19', 10400),
	(555, 462, 'EF', '2015-08-19', 6200),
	(556, 463, 'OCA', '2015-08-22', 10700),
	(557, 464, 'EF', '2015-09-04', 1050),
	(558, 465, 'OCA', '2015-09-04', 10700),
	(559, 466, 'CRED', '2015-09-04', 100),
	(560, 466, 'CRED', '2015-09-04', 200),
	(561, 466, 'CRED', '2015-09-04', 150),
	(562, 467, 'OCA', '2015-09-04', 6200),
	(563, 468, 'EF', '2015-09-04', 790),
	(564, 469, 'EF', '2015-09-04', 1050),
	(565, 470, 'EF', '2015-09-08', 1050),
	(566, 471, 'EF', '2015-09-08', 850),
	(567, 472, 'VISA', '2015-09-08', 3100),
	(568, 473, 'CRED', '2015-09-08', 450),
	(569, 473, 'CRED', '2015-09-08', 400),
	(570, 474, 'EF', '2015-09-08', 2300),
	(571, 475, 'MASTER', '2015-09-08', 9200),
	(572, 476, 'CRED', '2015-09-08', 200),
	(573, 476, 'CRED', '2015-09-08', 250),
	(574, 477, 'EF', '2015-09-10', 8900),
	(575, 478, 'DINERS', '2015-09-10', 3100),
	(576, 479, 'EF', '2015-09-18', 12400),
	(577, 480, 'EF', '2015-09-21', 850),
	(578, 481, 'CRED', '2015-10-16', 500),
	(579, 481, 'CRED', '2015-10-16', 10000),
	(580, 481, 'CRED', '2015-10-16', 1900),
	(581, 482, 'EF', '2015-10-16', 6200),
	(582, 483, 'OCA', '2015-10-18', 9200),
	(583, 484, 'EF', '2015-10-18', 650),
	(584, 485, 'EF', '2015-10-31', 850),
	(585, 486, 'EF', '2015-11-21', 1050),
	(586, 487, 'EF', '2015-12-01', 10400),
	(587, 41, NULL, '2014-11-19', 300),
	(588, 41, NULL, '2014-11-19', 300),
	(589, 41, NULL, '2014-11-19', 300),
	(590, 488, 'EF', '2016-01-12', 3100),
	(591, 489, 'CRED', '2016-01-30', 600),
	(592, 490, 'CRED', '2016-02-04', 800),
	(593, 491, 'EF', '2016-02-13', 2000);
/*!40000 ALTER TABLE `historial_pagos` ENABLE KEYS */;


-- Volcando estructura para tabla est_vaucher.historia_clinica
DROP TABLE IF EXISTS `historia_clinica`;
CREATE TABLE IF NOT EXISTS `historia_clinica` (
  `hist_id` int(11) NOT NULL AUTO_INCREMENT,
  `pac_cedula` int(8) DEFAULT NULL,
  `diabetes` int(11) DEFAULT NULL,
  `epilepsia` int(11) DEFAULT NULL,
  `marcaPaso` int(11) DEFAULT NULL,
  `diu` int(11) DEFAULT NULL,
  `problemas_cardiacos` varchar(50) DEFAULT NULL,
  `medicacion` varchar(50) DEFAULT NULL,
  `cant_hijos` int(11) DEFAULT NULL,
  `operaciones` varchar(50) DEFAULT NULL,
  `hipertension` int(11) DEFAULT NULL,
  `procesos_oncologicos` int(11) DEFAULT NULL,
  `tiroides` int(11) DEFAULT NULL,
  `actividad_fisica` varchar(50) DEFAULT NULL,
  `agua_diaria` varchar(50) DEFAULT NULL,
  `alimentacion` varchar(50) DEFAULT NULL,
  PRIMARY KEY (`hist_id`),
  KEY `pacientes_historia_clinica` (`pac_cedula`),
  CONSTRAINT `paciente_historia` FOREIGN KEY (`pac_cedula`) REFERENCES `pacientes` (`cedula`)
) ENGINE=InnoDB AUTO_INCREMENT=231 DEFAULT CHARSET=latin1;

-- Volcando datos para la tabla est_vaucher.historia_clinica: ~76 rows (aproximadamente)
/*!40000 ALTER TABLE `historia_clinica` DISABLE KEYS */;
REPLACE INTO `historia_clinica` (`hist_id`, `pac_cedula`, `diabetes`, `epilepsia`, `marcaPaso`, `diu`, `problemas_cardiacos`, `medicacion`, `cant_hijos`, `operaciones`, `hipertension`, `procesos_oncologicos`, `tiroides`, `actividad_fisica`, `agua_diaria`, `alimentacion`) VALUES
	(2, 24578956, 1, 1, 1, 1, 'Arritmia', 'Medicacion para la Arritmia', 2, 'NO', 1, 1, 1, 'Mucha', 'Mucha', 'Buena'),
	(3, 42542474, 1, 1, 1, 1, 'NO', 'NO', 4, 'NO', 1, 0, 1, 'MUCHA', 'MUCHA', 'BUENA'),
	(4, 14578958, 1, 1, 1, 1, 'Arritmia', 'Medicacion para la Arritmia', 1, 'Apendicitis', 1, 1, 1, 'Natacion, Gimnasia', '3 Litros diarios', 'Variada, preferente vegetariana'),
	(5, 24577742, 1, 1, 1, 1, 'No', 'Para Dormir', 1, 'Hernia Inguinal', 1, 1, 1, 'Gimnasia Artistica, Aparatos', '3 Litros diarios', 'Variada'),
	(6, 44588795, 1, 1, 1, 1, 'NO', 'NO', 0, 'Tumor Cerebral Benigno', 1, 0, 1, 'Gimnasia Artistica, Aparatos', '3 Litros diarios', 'Variada, preferente vegetariana'),
	(15, 19455549, 0, 0, 0, 0, '', '', 0, 'Amigdalas', 1, 0, 0, 'Artes Marciales, Pesas', '3 Litros diarios', 'Variada, preferente vegetariana'),
	(16, 45698741, 1, 0, 0, 1, '', '', 2, 'Apendicitis', 0, 0, 1, '', '2 Litros Diarios', 'Buena, Variada'),
	(17, 10042763, 0, 0, 0, 0, '', 'Enalapril, Alprazolan', 2, '2 Cesáreas, Metatarsos.', 1, 0, 0, 'Yoga', '1 Litro Diario', 'Variada, preferente vegetariana'),
	(18, 12456637, 1, 1, 1, 1, 'Arritmia', 'Ipertension', 3, 'Apendicitis', 1, 0, 1, 'Natacion, Gimnasia', '1 Litro Diario', 'Variada, preferente vegetariana'),
	(19, 35465475, 0, 0, 0, 1, '', '', 1, 'Cesarea', 0, 0, 0, 'Correr', '2 Litros Diarios', 'Variada, preferente vegetariana'),
	(20, 42629707, 0, 0, 0, 0, '', '', 1, '', 1, 0, 0, '', '1 Litro Diario', 'BUENA'),
	(21, 54145782, 0, 0, 0, 1, '', '', 4, 'Cesarea', 1, 0, 0, 'Gimnasia Artistica, Aparatos', '3 Litros diarios', 'Variada, preferente vegetariana'),
	(92, 24567896, 0, 0, 0, 0, '', '', 2, 'Cesarea', 1, 0, 0, 'Gimnasia Artistica, Aparatos', '1 Litro Diario', 'Buena, Variada'),
	(93, 24157481, 0, 0, 0, 1, '', '', 0, '', 0, 0, 1, '', '2 Litros Diarios', 'Variada, preferente vegetariana'),
	(94, 45789653, 1, 1, 1, 0, 'Arritmia', 'Medicacion para la Arritmia', 2, '', 1, 0, 0, '', '3 Litros diarios', 'Buena, Variada'),
	(95, 45156898, 1, 0, 0, 0, '', '', 0, '', 0, 0, 1, '', '2 Litros Diarios', 'Variada, preferente vegetariana'),
	(96, 25890747, 1, 0, 0, 0, '', '', 0, '', 1, 0, 1, '', '2', 'Buena, Variada'),
	(105, 32145771, 0, 0, 0, 0, '', '', 0, '', 0, 0, 0, 'Gimnasia Artistica, Aparatos', '3 Litros diarios', 'Variada, preferente vegetariana'),
	(106, 23364786, 1, 1, 0, 1, '', '', 0, '', 0, 0, 0, '', '', ''),
	(107, 32124561, 1, 1, 1, 1, '', '', 0, '', 0, 0, 0, '', '', ''),
	(108, 41547843, 1, 0, 0, 1, '', '', 2, '2 Cesareas', 0, 0, 0, 'Yoga', '2 Litros Diarios', 'Vegetariana'),
	(109, 65453215, 0, 0, 0, 1, '', '', 1, 'Cesarea', 0, 0, 0, 'Yoga', '2 Litros Diarios', 'Vegetariana'),
	(110, 54324322, 0, 0, 0, 1, '', '', 0, '', 1, 0, 1, '', '', ''),
	(168, 29584732, 1, 0, 0, 1, '', 'Para la Hipertension', 3, 'Cesarea', 1, 0, 0, 'Correr', '3 Litros diarios', 'Variada'),
	(169, 31245675, 0, 0, 0, 1, '', 'Para la Hipertension', 3, '', 1, 0, 0, 'Correr', '3 Litros diarios', 'VARIADA'),
	(170, 41578943, 0, 0, 0, 1, '', '', 1, 'Cesarea', 0, 0, 0, 'Gimnasia', '3 Litros diarios', 'VARIADA'),
	(171, 62135218, 1, 0, 0, 0, '', 'Para la Hipertension', 2, 'Cesarea', 1, 0, 0, 'Gimnasia', 'POCA', ''),
	(172, 51234568, 0, 0, 0, 1, '', '', 1, '', 1, 0, 0, 'Deportes Varios', '2 litros aprox', 'Variada'),
	(173, 31245697, 0, 0, 0, 1, '', '', 3, 'Cesarea', 0, 0, 0, 'Deportes Varios', '2 litros aprox', 'Variada'),
	(174, 45213216, 1, 0, 1, 0, 'Arritmia', 'Anticuagulantes', 3, 'Cesarea', 0, 0, 0, 'Deportes Varios', '2 litros aprox', 'Variada'),
	(175, 41214153, 0, 0, 0, 0, '', '', 1, '', 0, 0, 1, 'Deportes Varios', '2 litros aprox', 'Variada'),
	(176, 54152636, 0, 0, 0, 1, 'Arritmia', 'Para la arritmia', 2, 'Cesarea', 1, 0, 0, '', '', ''),
	(177, 29144124, 1, 1, 0, 1, 'Arritmia', 'Anticuagulantes', 3, 'Cesarea', 1, 0, 0, 'Deportes Varios', '2 litros aprox', 'Variada'),
	(178, 42154126, 1, 1, 1, 1, '', '', 0, '', 1, 0, 1, 'Poca', 'Poca', 'Variada'),
	(179, 61234566, 0, 0, 0, 0, '', '', 2, '', 0, 0, 0, 'Gimnasia', '2 litros', 'Variada'),
	(180, 41021326, 0, 0, 0, 0, '', '', 0, '', 0, 0, 0, 'Gimnasia', '2 litros', 'Variada'),
	(181, 32145618, 1, 1, 1, 1, '', '', 3, '', 1, 0, 0, 'Muy poca', '1 litro diario', 'Variada'),
	(182, 12034566, 1, 1, 1, 1, '', '', 0, '', 0, 0, 0, 'Muy poca', '1 litro diario', 'Variada'),
	(183, 12542339, 1, 1, 1, 0, '', '', 0, '', 0, 0, 0, 'Muy poca', '1 litro diario', 'Variada'),
	(184, 25413634, 0, 0, 0, 1, '', '', 2, '', 1, 0, 0, 'Yoga', '2Litros', 'Variada'),
	(185, 32145226, 0, 0, 0, 0, '', '', 0, '', 0, 0, 0, 'Yoga', '2Litros', 'Variada'),
	(186, 15478418, 0, 0, 0, 0, '', '', 4, '', 0, 0, 0, 'Yoga', '2Litros', 'Variada'),
	(187, 14547886, 0, 0, 0, 0, '', '', 1, '', 0, 0, 0, 'Yoga', '2Litros', 'Variada'),
	(188, 31244455, 0, 0, 0, 0, '', '', 2, '', 1, 0, 0, 'Yoga', '2Litros', 'Variada'),
	(189, 23413632, 0, 0, 0, 0, '', '', 2, '', 1, 0, 0, 'Yoga', '2Litros', 'Variada'),
	(190, 19345033, 1, 1, 1, 1, 'Arritmia', 'Para la arritmia', 4, 'Cesarea', 1, 0, 1, 'Poca', '1 litro', 'Variada'),
	(191, 25457892, 1, 1, 1, 1, 'Arritmia', 'Para la arritmia', 6, 'Cesarea', 1, 0, 1, 'Poca', '1 litro', 'Variada'),
	(192, 24578912, 1, 0, 0, 1, '', 'Psico Farmacos', 3, 'Cesarea', 1, 0, 0, 'Gimnasia', '2 Litros Aprox', 'Variada'),
	(193, 45632153, 0, 0, 0, 0, 'Arritmia', 'Para la arritmia', 1, 'Cesarea', 1, 0, 0, 'Gimnasia', '2 Litros Aprox', 'Variada'),
	(194, 47894519, 0, 0, 0, 0, 'Arritmia', 'Para la arritmia', 2, 'Cesarea', 1, 0, 0, 'Gimnasia', '2 Litros Aprox', 'Variada'),
	(195, 19347188, 0, 0, 0, 0, '', '', 2, '', 0, 0, 0, 'Yoga', '2 Litros Aprox', 'Vegetariana'),
	(196, 34121141, 0, 0, 0, 1, '', '', 0, '', 0, 0, 0, 'Gimnasia', '2 Litros Aprox', 'Variada'),
	(197, 14789454, 0, 0, 0, 0, '', '', 3, 'Cesarea', 0, 0, 0, 'Gimnasia', '2 Litros Aprox', 'Variada'),
	(198, 54124566, 1, 0, 0, 1, '', 'Psico Farmacos', 2, 'Cesarea', 1, 0, 0, 'Poca', 'Poca', 'Variada'),
	(199, 24512465, 0, 0, 0, 0, '', '', 3, '', 0, 0, 0, 'Gimnasia', '2 Litros Aprox', 'Variada'),
	(200, 45267483, 0, 0, 0, 0, '', '', 1, '', 0, 0, 0, 'Yoga', '2 Litros Aprox', 'Vegetariana'),
	(201, 24158792, 0, 0, 0, 0, '', '', 0, '', 0, 0, 0, 'Gimnasia', '2 Litros Aprox', 'Variada'),
	(202, 15849853, 0, 0, 0, 0, '', '', 0, '', 0, 0, 0, '', '', ''),
	(203, 41254569, 0, 0, 0, 0, '', '', 0, '', 0, 0, 0, '', '', ''),
	(204, 21453325, 0, 0, 0, 0, '', '', 0, '', 0, 0, 0, '', '', ''),
	(205, 21453325, 0, 0, 0, 0, '', '', 0, '', 0, 0, 0, '', '', ''),
	(206, 14788745, 0, 0, 0, 0, '', '', 0, '', 0, 0, 0, '', '', ''),
	(207, 31022037, 0, 0, 0, 0, '', '', 0, '', 0, 0, 0, '', '', ''),
	(208, 31021237, 0, 0, 0, 0, '', '', 0, '', 0, 0, 0, '', '', ''),
	(209, 31021237, 0, 0, 0, 0, '', '', 0, '', 0, 0, 0, '', '', ''),
	(210, 31021237, 0, 0, 0, 0, '', '', 0, '', 0, 0, 0, '', '', ''),
	(211, 54120128, 0, 0, 0, 0, '', '', 0, '', 0, 0, 0, '', '', ''),
	(212, 14512031, 0, 0, 0, 0, '', '', 0, '', 0, 0, 0, '', '', ''),
	(213, 35241021, 0, 0, 0, 0, '', '', 0, '', 0, 0, 0, '', '', ''),
	(214, 35241021, 0, 0, 0, 0, '', '', 0, '', 0, 0, 0, '', '', ''),
	(215, 41023982, 0, 0, 0, 0, '', '', 0, '', 0, 0, 0, '', '', ''),
	(216, 14152637, 0, 0, 0, 0, '', '', 0, '', 0, 0, 0, '', '', ''),
	(217, 63210102, 0, 0, 0, 0, '', '', 0, '', 0, 0, 0, '', '', ''),
	(218, 25647893, 0, 0, 0, 0, '', '', 0, '', 0, 0, 0, '', '', ''),
	(219, 41245786, 0, 0, 0, 0, '', '', 0, '', 0, 0, 0, '', '', ''),
	(222, 35639636, 0, 0, 0, 0, '', '', 0, '', 0, 0, 0, '', '', ''),
	(223, 14528953, 0, 0, 0, 0, 'Arritmia', 'Psico Farmacos', 2, '', 1, 0, 0, 'Yoga', '2 Litros Aprox', 'Variada'),
	(224, 41547893, 0, 0, 0, 0, '', '', 0, '', 0, 0, 0, '', '', ''),
	(225, 42011233, 0, 0, 0, 0, '', '', 0, '', 0, 0, 0, '', '', ''),
	(226, 15421528, 0, 0, 0, 1, '', '', 3, 'Cesarea', 0, 0, 0, 'Yoga', '2 Litros Aprox', 'Variada'),
	(227, 5412474, 0, 0, 0, 0, 'Arritmia', 'Psico Farmacos', 2, 'Cesarea', 1, 0, 0, 'Gimnasia', '2 Litros Aprox', 'Variada'),
	(228, 4512635, 1, 0, 0, 0, 'Arritmia', 'Para la arritmia', 2, 'Cesarea', 1, 0, 0, '', '', ''),
	(229, 45124108, 0, 0, 0, 1, '', '', 2, 'Cesarea', 0, 0, 0, 'Gimnasia', '2 Litros Aprox', 'Variada'),
	(230, 47896636, 0, 0, 0, 0, 'Arritmia', 'Para la arritmia', 3, 'Cesarea', 1, 0, 0, 'Gimnasia', '2 Litros Aprox', 'Variada');
/*!40000 ALTER TABLE `historia_clinica` ENABLE KEYS */;


-- Volcando estructura para tabla est_vaucher.lista_precios
DROP TABLE IF EXISTS `lista_precios`;
CREATE TABLE IF NOT EXISTS `lista_precios` (
  `list_prec_id` int(11) DEFAULT NULL,
  `list_prec_id_trat` int(11) DEFAULT NULL,
  `list_prec_monto` int(11) DEFAULT NULL,
  UNIQUE KEY `list_prec_id_list_prec_id_trat` (`list_prec_id`,`list_prec_id_trat`)
) ENGINE=InnoDB DEFAULT CHARSET=latin1;

-- Volcando datos para la tabla est_vaucher.lista_precios: ~469 rows (aproximadamente)
/*!40000 ALTER TABLE `lista_precios` DISABLE KEYS */;
REPLACE INTO `lista_precios` (`list_prec_id`, `list_prec_id_trat`, `list_prec_monto`) VALUES
	(1, 2, 650),
	(1, 7, 5500),
	(1, 8, 3200),
	(1, 9, 8900),
	(1, 11, 5500),
	(1, 12, 350),
	(1, 16, 350),
	(1, 17, 490),
	(1, 19, 3800),
	(1, 20, 2300),
	(1, 21, 7700),
	(1, 22, 8600),
	(1, 23, 8600),
	(1, 24, 6300),
	(2, 26, 7600),
	(2, 2, 850),
	(2, 7, 8500),
	(2, 8, 3500),
	(2, 9, 8500),
	(2, 11, 5500),
	(2, 12, 450),
	(2, 16, 380),
	(2, 17, 650),
	(2, 19, 4700),
	(2, 20, 3000),
	(2, 21, 4200),
	(2, 22, 7000),
	(2, 23, 6300),
	(2, 24, 6300),
	(2, 25, 2900),
	(2, 27, 500),
	(2, 28, 300),
	(2, 29, 650),
	(2, 30, 3500),
	(2, 31, 8900),
	(2, 32, 7900),
	(2, 33, 400),
	(2, 34, 3200),
	(2, 35, 550),
	(2, 36, 7200),
	(2, 37, 2850),
	(2, 38, 350),
	(2, 39, 350),
	(3, 2, 2500),
	(3, 7, 8900),
	(3, 8, 4500),
	(3, 9, 7600),
	(3, 11, 10800),
	(3, 12, 350),
	(3, 16, 350),
	(3, 17, 650),
	(3, 19, 3500),
	(3, 20, 6000),
	(3, 21, 8400),
	(3, 22, 8500),
	(3, 23, 4100),
	(3, 24, 8300),
	(3, 25, 1400),
	(3, 26, 8100),
	(3, 27, 250),
	(3, 28, 450),
	(3, 29, 560),
	(3, 30, 3200),
	(3, 31, 3400),
	(3, 32, 6000),
	(3, 33, 360),
	(3, 34, 4200),
	(3, 35, 600),
	(3, 36, 5400),
	(3, 37, 3200),
	(3, 38, 450),
	(3, 39, 320),
	(3, 40, 250),
	(3, 41, 2500),
	(3, 42, 450),
	(3, 43, 3700),
	(3, 44, 600),
	(3, 45, 7875),
	(4, 2, 1050),
	(4, 7, 10700),
	(4, 8, 9500),
	(4, 9, 12400),
	(4, 11, 9700),
	(4, 12, 450),
	(4, 16, 950),
	(4, 17, 850),
	(4, 19, 6200),
	(4, 20, 3900),
	(4, 21, 10400),
	(4, 22, 12400),
	(4, 23, 7900),
	(4, 24, 8900),
	(4, 25, 3100),
	(4, 26, 9200),
	(4, 27, 450),
	(4, 28, 650),
	(4, 29, 790),
	(4, 30, 3100),
	(4, 31, 12400),
	(4, 32, 9400),
	(4, 33, 320),
	(4, 34, 4250),
	(4, 35, 850),
	(4, 36, 12600),
	(4, 37, 2900),
	(4, 38, 740),
	(4, 39, 450),
	(4, 40, 450),
	(4, 41, 4200),
	(4, 42, 650),
	(4, 43, 700),
	(4, 44, 630),
	(4, 45, 13400),
	(4, 46, 250),
	(4, 47, 450),
	(5, 2, 1050),
	(5, 7, 10700),
	(5, 8, 9500),
	(5, 9, 12400),
	(5, 11, 9700),
	(5, 12, 450),
	(5, 16, 950),
	(5, 17, 850),
	(5, 19, 6200),
	(5, 20, 3900),
	(5, 21, 10400),
	(5, 22, 12400),
	(5, 23, 7900),
	(5, 24, 8900),
	(5, 25, 3100),
	(5, 26, 9200),
	(5, 27, 450),
	(5, 28, 650),
	(5, 29, 790),
	(5, 30, 3100),
	(5, 31, 12400),
	(5, 32, 9400),
	(5, 33, 320),
	(5, 34, 4250),
	(5, 35, 850),
	(5, 36, 12600),
	(5, 37, 2900),
	(5, 38, 740),
	(5, 39, 450),
	(5, 40, 450),
	(5, 41, 4200),
	(5, 42, 650),
	(5, 43, 700),
	(5, 44, 630),
	(5, 45, 13400),
	(5, 46, 250),
	(5, 47, 450),
	(5, 48, 150),
	(5, 49, 200),
	(6, 2, 1050),
	(6, 7, 10700),
	(6, 8, 9500),
	(6, 9, 12400),
	(6, 11, 9700),
	(6, 12, 450),
	(6, 16, 950),
	(6, 17, 850),
	(6, 19, 6200),
	(6, 20, 3900),
	(6, 21, 10400),
	(6, 22, 12400),
	(6, 23, 7900),
	(6, 24, 8900),
	(6, 25, 3100),
	(6, 26, 9200),
	(6, 27, 450),
	(6, 28, 650),
	(6, 29, 790),
	(6, 30, 3100),
	(6, 31, 12400),
	(6, 32, 9400),
	(6, 33, 320),
	(6, 34, 4250),
	(6, 35, 850),
	(6, 36, 12600),
	(6, 37, 2900),
	(6, 38, 740),
	(6, 39, 450),
	(6, 40, 450),
	(6, 41, 4200),
	(6, 42, 650),
	(6, 43, 700),
	(6, 44, 630),
	(6, 45, 13400),
	(6, 46, 250),
	(6, 47, 450),
	(6, 48, 150),
	(6, 49, 200),
	(6, 50, 1500),
	(7, 2, 1050),
	(7, 7, 10700),
	(7, 8, 9500),
	(7, 9, 12400),
	(7, 11, 9700),
	(7, 12, 450),
	(7, 16, 950),
	(7, 17, 850),
	(7, 19, 6200),
	(7, 20, 3900),
	(7, 21, 10400),
	(7, 22, 12400),
	(7, 23, 7900),
	(7, 24, 8900),
	(7, 25, 3100),
	(7, 26, 9200),
	(7, 27, 450),
	(7, 28, 650),
	(7, 29, 790),
	(7, 30, 3100),
	(7, 31, 12400),
	(7, 32, 9400),
	(7, 33, 320),
	(7, 34, 4250),
	(7, 35, 850),
	(7, 36, 12600),
	(7, 37, 2900),
	(7, 38, 740),
	(7, 39, 450),
	(7, 40, 450),
	(7, 41, 4200),
	(7, 42, 650),
	(7, 43, 700),
	(7, 44, 630),
	(7, 45, 13400),
	(7, 46, 250),
	(7, 47, 450),
	(7, 48, 150),
	(7, 49, 200),
	(7, 50, 1500),
	(8, 2, 1050),
	(8, 7, 10700),
	(8, 8, 9500),
	(8, 9, 12400),
	(8, 11, 9700),
	(8, 12, 450),
	(8, 16, 950),
	(8, 17, 850),
	(8, 19, 6200),
	(8, 20, 3900),
	(8, 21, 10400),
	(8, 22, 12400),
	(8, 23, 7900),
	(8, 24, 8900),
	(8, 25, 3100),
	(8, 26, 9200),
	(8, 27, 450),
	(8, 28, 650),
	(8, 29, 790),
	(8, 30, 3100),
	(8, 31, 12400),
	(8, 32, 9400),
	(8, 33, 320),
	(8, 34, 4250),
	(8, 35, 850),
	(8, 36, 12600),
	(8, 37, 2900),
	(8, 38, 740),
	(8, 39, 450),
	(8, 40, 450),
	(8, 41, 4200),
	(8, 42, 650),
	(8, 43, 700),
	(8, 44, 630),
	(8, 45, 13400),
	(8, 46, 250),
	(8, 47, 450),
	(8, 48, 150),
	(8, 49, 200),
	(8, 50, 1500),
	(8, 51, 200),
	(9, 2, 1050),
	(9, 7, 10700),
	(9, 8, 9500),
	(9, 9, 12400),
	(9, 11, 9700),
	(9, 12, 450),
	(9, 16, 950),
	(9, 17, 850),
	(9, 19, 6200),
	(9, 20, 3900),
	(9, 21, 10400),
	(9, 22, 12400),
	(9, 23, 7900),
	(9, 24, 8900),
	(9, 25, 3100),
	(9, 26, 9200),
	(9, 27, 450),
	(9, 28, 650),
	(9, 29, 790),
	(9, 30, 3100),
	(9, 31, 12400),
	(9, 32, 9400),
	(9, 33, 320),
	(9, 34, 4250),
	(9, 35, 850),
	(9, 36, 12600),
	(9, 37, 2900),
	(9, 38, 740),
	(9, 39, 450),
	(9, 40, 450),
	(9, 41, 4200),
	(9, 42, 650),
	(9, 43, 700),
	(9, 44, 630),
	(9, 45, 13400),
	(9, 46, 250),
	(9, 47, 450),
	(9, 48, 150),
	(9, 49, 200),
	(9, 50, 1500),
	(9, 51, 200),
	(9, 52, 1500),
	(9, 53, 150),
	(9, 54, 3000),
	(9, 55, 250),
	(9, 56, 2300),
	(9, 57, 0),
	(10, 2, 1050),
	(10, 7, 10700),
	(10, 8, 9500),
	(10, 9, 12400),
	(10, 11, 9700),
	(10, 12, 450),
	(10, 16, 950),
	(10, 17, 850),
	(10, 19, 6200),
	(10, 20, 3900),
	(10, 21, 10400),
	(10, 22, 12400),
	(10, 23, 7900),
	(10, 24, 8900),
	(10, 25, 3100),
	(10, 26, 9200),
	(10, 27, 450),
	(10, 28, 650),
	(10, 29, 790),
	(10, 30, 3100),
	(10, 31, 12400),
	(10, 32, 9400),
	(10, 33, 320),
	(10, 34, 4250),
	(10, 35, 850),
	(10, 36, 12600),
	(10, 37, 2900),
	(10, 38, 740),
	(10, 39, 450),
	(10, 40, 450),
	(10, 41, 4200),
	(10, 42, 650),
	(10, 43, 700),
	(10, 44, 630),
	(10, 45, 13400),
	(10, 46, 250),
	(10, 47, 450),
	(10, 48, 150),
	(10, 49, 200),
	(10, 50, 1500),
	(10, 51, 200),
	(10, 52, 1500),
	(10, 53, 150),
	(10, 54, 3000),
	(10, 55, 250),
	(10, 56, 2300),
	(10, 57, 480),
	(10, 58, 750),
	(10, 59, 7200),
	(11, 2, 1050),
	(11, 7, 10700),
	(11, 8, 9500),
	(11, 9, 12400),
	(11, 11, 9700),
	(11, 12, 450),
	(11, 16, 950),
	(11, 17, 850),
	(11, 19, 6200),
	(11, 20, 3900),
	(11, 21, 10400),
	(11, 22, 12400),
	(11, 23, 7900),
	(11, 24, 8900),
	(11, 25, 3100),
	(11, 26, 9200),
	(11, 27, 450),
	(11, 28, 650),
	(11, 29, 790),
	(11, 30, 3100),
	(11, 31, 12400),
	(11, 32, 9400),
	(11, 33, 320),
	(11, 34, 4250),
	(11, 35, 850),
	(11, 36, 12600),
	(11, 37, 2900),
	(11, 38, 740),
	(11, 39, 450),
	(11, 40, 450),
	(11, 41, 4200),
	(11, 42, 650),
	(11, 43, 700),
	(11, 44, 630),
	(11, 45, 13400),
	(11, 46, 250),
	(11, 47, 450),
	(11, 48, 150),
	(11, 49, 200),
	(11, 50, 1500),
	(11, 51, 200),
	(11, 52, 1500),
	(11, 53, 150),
	(11, 54, 3000),
	(11, 55, 250),
	(11, 56, 2300),
	(11, 57, 480),
	(11, 58, 750),
	(11, 59, 7200),
	(11, 60, 300),
	(12, 2, 1050),
	(12, 7, 10700),
	(12, 8, 9500),
	(12, 9, 12400),
	(12, 11, 9700),
	(12, 12, 450),
	(12, 16, 950),
	(12, 17, 850),
	(12, 19, 6200),
	(12, 20, 3900),
	(12, 21, 10400),
	(12, 22, 12400),
	(12, 23, 7900),
	(12, 24, 8900),
	(12, 25, 3100),
	(12, 26, 9200),
	(12, 27, 450),
	(12, 28, 650),
	(12, 29, 790),
	(12, 30, 3100),
	(12, 31, 12400),
	(12, 32, 9400),
	(12, 33, 320),
	(12, 34, 4250),
	(12, 35, 850),
	(12, 36, 12600),
	(12, 37, 2900),
	(12, 38, 740),
	(12, 39, 450),
	(12, 40, 450),
	(12, 41, 4200),
	(12, 42, 650),
	(12, 43, 700),
	(12, 44, 630),
	(12, 45, 13400),
	(12, 46, 250),
	(12, 47, 450),
	(12, 48, 150),
	(12, 49, 200),
	(12, 50, 1500),
	(12, 51, 200),
	(12, 52, 1500),
	(12, 53, 150),
	(12, 54, 3000),
	(12, 55, 250),
	(12, 56, 2300),
	(12, 57, 480),
	(12, 58, 750),
	(12, 59, 7200),
	(12, 60, 300),
	(13, 2, 1050),
	(13, 7, 10700),
	(13, 8, 9500),
	(13, 9, 12400),
	(13, 11, 9700),
	(13, 12, 450),
	(13, 16, 950),
	(13, 17, 850),
	(13, 19, 6200),
	(13, 20, 3900),
	(13, 21, 10400),
	(13, 22, 12400),
	(13, 23, 7900),
	(13, 24, 8900),
	(13, 25, 3100),
	(13, 26, 9200),
	(13, 27, 450),
	(13, 28, 650),
	(13, 29, 790),
	(13, 30, 3100),
	(13, 31, 12400),
	(13, 32, 9400),
	(13, 33, 320),
	(13, 34, 4250),
	(13, 35, 850),
	(13, 36, 12600),
	(13, 37, 2900),
	(13, 38, 740),
	(13, 39, 450),
	(13, 40, 450),
	(13, 41, 4200),
	(13, 42, 650),
	(13, 43, 700),
	(13, 44, 630),
	(13, 45, 13400),
	(13, 46, 250),
	(13, 47, 450),
	(13, 48, 150),
	(13, 49, 200),
	(13, 50, 1500),
	(13, 51, 200),
	(13, 52, 1500),
	(13, 53, 150),
	(13, 54, 3000),
	(13, 55, 250),
	(13, 56, 2300),
	(13, 57, 480),
	(13, 58, 750),
	(13, 59, 7200),
	(13, 60, 300),
	(13, 61, 650),
	(14, 2, 1050),
	(14, 7, 10700),
	(14, 8, 9500),
	(14, 9, 12400),
	(14, 11, 9700),
	(14, 12, 450),
	(14, 16, 950),
	(14, 17, 850),
	(14, 19, 6200),
	(14, 20, 3900),
	(14, 21, 10400),
	(14, 22, 12400),
	(14, 23, 7900),
	(14, 24, 8900),
	(14, 25, 3100),
	(14, 26, 9200),
	(14, 27, 450),
	(14, 28, 650),
	(14, 29, 790),
	(14, 30, 3100),
	(14, 31, 12400),
	(14, 32, 9400),
	(14, 33, 320),
	(14, 34, 4250),
	(14, 35, 850),
	(14, 36, 12600),
	(14, 37, 2900),
	(14, 38, 740),
	(14, 39, 450),
	(14, 40, 450),
	(14, 41, 4200),
	(14, 42, 650),
	(14, 43, 700),
	(14, 44, 630),
	(14, 45, 13400),
	(14, 46, 250),
	(14, 47, 450),
	(14, 48, 150),
	(14, 49, 200),
	(14, 50, 1500),
	(14, 51, 200),
	(14, 52, 1500),
	(14, 53, 150),
	(14, 54, 3000),
	(14, 55, 250),
	(14, 56, 2300),
	(14, 57, 480),
	(14, 58, 750),
	(14, 59, 7200),
	(14, 60, 300),
	(14, 61, 650),
	(15, 2, 1050),
	(15, 7, 10700),
	(15, 8, 9500),
	(15, 9, 12400),
	(15, 11, 9700),
	(15, 12, 450),
	(15, 16, 950),
	(15, 17, 850),
	(15, 19, 6200),
	(15, 20, 3900),
	(15, 21, 10400),
	(15, 22, 12400),
	(15, 23, 7900),
	(15, 24, 8900),
	(15, 25, 3100),
	(15, 26, 9200),
	(15, 27, 450),
	(15, 28, 650),
	(15, 29, 790),
	(15, 30, 3100),
	(15, 31, 12400),
	(15, 32, 9400),
	(15, 33, 320),
	(15, 34, 4250),
	(15, 35, 850),
	(15, 36, 12600),
	(15, 37, 2900),
	(15, 38, 740),
	(15, 39, 450),
	(15, 40, 450),
	(15, 41, 4200),
	(15, 42, 650),
	(15, 43, 700),
	(15, 44, 630),
	(15, 45, 13400),
	(15, 46, 250),
	(15, 47, 450),
	(15, 48, 150),
	(15, 49, 200),
	(15, 50, 1500),
	(15, 51, 200),
	(15, 52, 1500),
	(15, 53, 150),
	(15, 54, 3000),
	(15, 55, 250),
	(15, 56, 2300),
	(15, 57, 480),
	(15, 58, 750),
	(15, 59, 7200),
	(15, 60, 300),
	(15, 61, 650),
	(16, 2, 2000),
	(16, 7, 10700),
	(16, 8, 9500),
	(16, 9, 12400),
	(16, 11, 9700),
	(16, 12, 450),
	(16, 16, 950),
	(16, 17, 850),
	(16, 19, 6200),
	(16, 20, 3900),
	(16, 21, 10400),
	(16, 22, 12400),
	(16, 23, 7900),
	(16, 24, 8900),
	(16, 25, 3100),
	(16, 26, 9200),
	(16, 27, 450),
	(16, 28, 650),
	(16, 29, 790),
	(16, 30, 3100),
	(16, 31, 12400),
	(16, 32, 9400),
	(16, 33, 320),
	(16, 34, 4250),
	(16, 35, 850),
	(16, 36, 12600),
	(16, 37, 2900),
	(16, 38, 740),
	(16, 39, 450),
	(16, 40, 450),
	(16, 41, 4200),
	(16, 42, 650),
	(16, 43, 700),
	(16, 44, 630),
	(16, 45, 13400),
	(16, 46, 250),
	(16, 47, 450),
	(16, 48, 150),
	(16, 49, 200),
	(16, 50, 1500),
	(16, 51, 200),
	(16, 52, 1500),
	(16, 53, 150),
	(16, 54, 3000),
	(16, 55, 250),
	(16, 56, 2300),
	(16, 57, 480),
	(16, 58, 750),
	(16, 59, 7200),
	(16, 60, 300),
	(16, 61, 650);
/*!40000 ALTER TABLE `lista_precios` ENABLE KEYS */;


-- Volcando estructura para tabla est_vaucher.nic_roles
DROP TABLE IF EXISTS `nic_roles`;
CREATE TABLE IF NOT EXISTS `nic_roles` (
  `nic_rol_id` int(11) NOT NULL AUTO_INCREMENT,
  `nic_rol_user_nic_id` int(11) NOT NULL,
  `nic_rol_name_id` int(11) NOT NULL,
  PRIMARY KEY (`nic_rol_id`),
  UNIQUE KEY `nic_rol_user_nic_id_nic_rol_name_id` (`nic_rol_user_nic_id`,`nic_rol_name_id`),
  KEY `FK_nic_roles_roles` (`nic_rol_name_id`),
  CONSTRAINT `FK_nic_roles_domain_user` FOREIGN KEY (`nic_rol_user_nic_id`) REFERENCES `domain_user` (`dom_usr_id`),
  CONSTRAINT `FK_nic_roles_roles` FOREIGN KEY (`nic_rol_name_id`) REFERENCES `roles` (`rol_id`)
) ENGINE=InnoDB AUTO_INCREMENT=5 DEFAULT CHARSET=latin1;

-- Volcando datos para la tabla est_vaucher.nic_roles: ~3 rows (aproximadamente)
/*!40000 ALTER TABLE `nic_roles` DISABLE KEYS */;
REPLACE INTO `nic_roles` (`nic_rol_id`, `nic_rol_user_nic_id`, `nic_rol_name_id`) VALUES
	(1, 1, 1),
	(2, 2, 3),
	(3, 3, 2),
	(4, 4, 2);
/*!40000 ALTER TABLE `nic_roles` ENABLE KEYS */;


-- Volcando estructura para tabla est_vaucher.pacientes
DROP TABLE IF EXISTS `pacientes`;
CREATE TABLE IF NOT EXISTS `pacientes` (
  `pac_id` int(11) NOT NULL AUTO_INCREMENT,
  `pac_nombre` varchar(50) DEFAULT NULL,
  `pac_apellido` varchar(50) DEFAULT NULL,
  `cedula` int(8) DEFAULT NULL,
  `pac_ocupacion` varchar(50) DEFAULT NULL,
  `pac_soc_med` varchar(50) DEFAULT NULL,
  `pac_em_movil` varchar(50) DEFAULT NULL,
  PRIMARY KEY (`pac_id`),
  UNIQUE KEY `cedula` (`cedula`)
) ENGINE=InnoDB AUTO_INCREMENT=349 DEFAULT CHARSET=latin1;

-- Volcando datos para la tabla est_vaucher.pacientes: ~74 rows (aproximadamente)
/*!40000 ALTER TABLE `pacientes` DISABLE KEYS */;
REPLACE INTO `pacientes` (`pac_id`, `pac_nombre`, `pac_apellido`, `cedula`, `pac_ocupacion`, `pac_soc_med`, `pac_em_movil`) VALUES
	(99, 'Gabriela', 'Silveira', 44188684, 'Masajista', 'CASMU', 'SUAT'),
	(100, 'Luisa', 'Silveira', 44247486, 'Cajera', 'La Española ', 'SUAT'),
	(106, 'Maria', 'Fernandez', 24578956, 'Arquitecto', 'La Española ', 'SMI'),
	(107, 'Florencia', 'Gonzalez', 42542474, 'Medica', 'CASMU', 'SUAT'),
	(110, 'Carina', 'Gomez', 14578958, 'Empleada', 'CASMU', 'SUAT'),
	(111, 'Daniela', 'Rodriguez', 24577742, 'Empresaria', 'La Española ', 'SUAT'),
	(112, 'Leticia', 'Firpo', 44588795, 'Escribana', 'CASMU', 'SUAT'),
	(132, 'Raul', 'Hernandez', 19455549, 'Programador', 'CASMU', 'SUAT'),
	(133, 'Maria', 'Gonzalez', 45698741, 'Cajera', 'La Española ', 'SMI'),
	(134, 'Maria del Carmen', 'de Pablos', 10042763, 'Jubilada', 'ASSE', 'NO'),
	(135, 'Marianela', 'Rodriguez', 12456637, 'Abogada', 'CASMU', 'SUAT'),
	(136, 'Lucia', 'Bermudez', 35465475, 'Comerciante', 'CASMU', 'SEM'),
	(137, 'Fernando', 'Quiroga', 42629707, 'Amo de Casa', 'GRENCA', 'SUAT'),
	(138, 'Elisa', 'Introinni', 54145782, 'Secretaria', 'CASMU', 'SEM'),
	(209, 'Natalia', 'Mederos', 24567896, 'Escribana', 'La Española ', 'SMI'),
	(210, 'Fernanda', 'Lacco', 24157481, 'Diseñadora', 'Hospital Britanico', 'SUAT'),
	(211, 'Mario', 'Cabrera', 45789653, 'Medico', 'La Española ', 'SEM'),
	(212, 'Ximena', 'Rodriguez', 45156898, 'Pedicura', 'CASMU', 'SUAT'),
	(213, 'jessi', 'Martínez ', 25890747, 'Enfermera ', 'Médica Uruguaya ', 'SEM'),
	(223, 'Natalia', 'Gonzalez', 32145771, 'Cajera', 'CASMU', 'SUAT'),
	(224, 'Fiorela', 'Lacco', 23364786, 'Medica', 'CASMU', 'SUAT'),
	(225, 'Marcela', 'Perdomo', 32124561, 'Maestra', 'CASMU', 'SUAT'),
	(226, 'Fernanda', 'Martinez', 41547843, 'Escribana', 'La Española', 'SUAT'),
	(227, 'Marianela', 'Caputto', 65453215, 'Secretaria', 'La Española', 'SUAT'),
	(228, 'Daniela', 'Gonzalez', 54324322, 'Empleada', 'CASMU', 'SUAT'),
	(284, 'Alejandra', 'Gomez', 29584732, 'Empleada', 'La Española', 'SUAT'),
	(285, 'Patricia', 'Martinez', 31245675, 'Odontologa', 'CASMU', 'SUAT'),
	(286, 'Marianela', 'Fernandez', 41578943, 'Escribana', 'CASMU', 'SUAT'),
	(287, 'Claudia', 'Benitez', 62135218, 'Empleada', 'CASMU', 'SUAT'),
	(288, 'Laura', 'Paulier', 51234568, 'Escribana', 'CASMU', 'SUAT'),
	(289, 'Analia', 'Rubio', 31245697, 'Empresaria', 'Hospital Britanico', 'SUAT'),
	(290, 'Maria', 'Perez', 45213216, 'Administrativa', 'SMI', 'SEM'),
	(291, 'Elida', 'Martinez', 41214153, 'Empleada', 'Hospital Militar', 'SUAT'),
	(292, 'Lorena', 'Errico', 54152636, 'Maestra', 'CASMU', 'SUAT'),
	(293, 'Patricia', 'Soca', 29144124, 'Docente', 'La Española', 'SEM'),
	(294, 'Camila', 'Perez', 42154126, 'Empleada', 'CASMU', 'SUAT'),
	(295, 'Florencia', 'Chavez', 61234566, 'Arquitecta', 'CASMU', 'SUAT'),
	(296, 'Leticia', 'Lacorte', 41021326, 'Arquitecta', 'CASMU', 'SUAT'),
	(297, 'Natalia', 'Rodriguez', 32145618, 'Empleada', 'CASMU', 'SUAT'),
	(298, 'Paula', 'Fernandez', 12034566, 'Empleada', 'CASMU', 'SUAT'),
	(299, 'Fernanda', 'Gonzalez', 12542339, 'Empleada', 'CASMU', 'SUAT'),
	(300, 'Graciela', 'Diaz', 25413634, 'Escribana', 'CASMU', 'SUAT'),
	(301, 'Pamela', 'Fernandez', 32145226, 'Abogada', 'La Española', 'SUAT'),
	(302, 'Luciana', 'Cabrera', 15478418, 'Licenciada', 'La Española', 'SMI'),
	(303, 'Carla', 'Benitez', 14547886, 'Empleada', 'CASMU', 'SUAT'),
	(304, 'Pilar', 'Rodriguez', 31244455, 'Economista', 'La Española', 'SUAT'),
	(305, 'Micaela', 'Blanco', 23413632, 'Psicologa', 'CASMU', 'SUAT'),
	(306, 'Gianina', 'Perez', 19345033, 'Empleada', 'CASMU', 'SUAT'),
	(307, 'Virginia', 'Paez', 25457892, 'Escribana', 'La Española', 'SUAT'),
	(309, 'Ana ', 'Pereira', 24578912, 'Empleada', 'IMPASA', 'UCM'),
	(310, 'Mauricio', 'Martinez', 32145624, 'Transportista', 'CASMU', 'SUAT'),
	(311, 'Alexandra', 'Gomez', 45632153, 'Contadora', 'CASMU', 'SUAT'),
	(312, 'Juana', 'Martinez', 47894519, 'Odontologa', 'CASMU', 'UCM'),
	(313, 'German', 'Hernandez', 19347188, 'BioPsicologo', 'CASMU', 'SUAT'),
	(314, 'Marianela', 'Chave', 34121141, 'Empleada', 'IMPASA', 'UCM'),
	(315, 'Natalia', 'Poses', 14789454, 'Administrativa', 'CASMU', 'UCM'),
	(316, 'Carla', 'Perez', 54124566, 'Empleada', 'La Española', 'SUAT'),
	(317, 'Florencia', 'Hinze', 24512465, 'Medica', 'CASMU', 'SUAT'),
	(318, 'Ana', 'Gomez', 45267483, 'Contadora', 'La Española', 'UCM'),
	(319, 'Marianela', 'Hernandez', 24158792, 'Administrativa', 'CASMU', 'SUAT'),
	(320, 'Claudia', 'Romero', 15849853, 'Medica', 'La Española', 'SUAT'),
	(321, 'Valeria', 'Hinze', 41254569, 'Medica', 'IMPASA', 'UCM'),
	(322, 'Pamela', 'Vaucher', 21453325, 'Empleada', 'CASMU', 'SUAT'),
	(323, 'Graciela', 'Nuñez', 14788745, 'Abogada', 'Hospital Britanico', 'SUAT'),
	(324, 'Karen', 'Rodriguez', 31022037, 'Odontologa', 'IMPASA', 'UCM'),
	(325, 'Analia', 'Olmos', 31021237, 'Escribana', 'CASMU', 'SUAT'),
	(326, 'Julia', 'Rios', 54120128, 'Peluquera', 'IMPASA', 'SUAT'),
	(327, 'Julisa', 'Arias', 14512031, 'Contadora', 'CASMU', 'SUAT'),
	(328, 'Katy', 'Pereira', 35241021, 'Empleada', 'La Española', 'UCM'),
	(329, 'Sandra', 'Martinez', 41023982, 'Empleada', 'CASMU', 'SUAT'),
	(330, 'Marcela', 'Perdomo', 14152637, 'Empleada', 'CASMU', 'SUAT'),
	(331, 'Fabiana', 'Arias', 63210102, 'Abogada', 'Hospital Britanico', 'SUAT'),
	(332, 'Beatriz', 'Firpo', 25647893, 'Peluquera', 'CASMU', 'UCM'),
	(333, 'Andreina', 'Vaucher', 41245786, 'Psicologa', 'CASMU', 'SUAT'),
	(335, 'Carolina', 'Salazar', 35639636, 'Medica', 'Hospital Britanico', 'SUAT'),
	(336, 'Natalie', 'Silva', 54789544, 'Empleada', 'CASMU', 'SUAT'),
	(338, 'Ariana', 'Diaz', 14528953, 'Abogada', 'Hospital Britanico', 'SUAT'),
	(339, 'Sandra', 'Fernandez', 41547893, 'Administrativa', 'Hospital Britanico', 'SUAT'),
	(340, 'Erika', 'Hubert', 42011233, 'Medica', 'Hospital Britanico', 'SUAT'),
	(341, 'Leticia', 'Laborde', 15421528, 'Arquitecta', 'Hospital Britanico', 'SUAT'),
	(342, 'Rafaela', 'Firpo', 5412474, '', '', ''),
	(343, 'Pepe', 'Perez', 4512635, '', '', ''),
	(344, 'florencia', 'Vaucher', 45124108, '', '', ''),
	(345, 'Elizabet', 'Vaucher', 25478795, 'Enfermera', 'CASMU', 'SUAT'),
	(346, 'Victoria', 'Cabrera', 47896636, 'Medica', 'CASMU', 'SUAT'),
	(347, '56465', 'jjklk', 44188781, '', '', ''),
	(348, 'Graciela', 'Silva', 67895431, '', '', '');
/*!40000 ALTER TABLE `pacientes` ENABLE KEYS */;


-- Volcando estructura para tabla est_vaucher.pago_efectivo
DROP TABLE IF EXISTS `pago_efectivo`;
CREATE TABLE IF NOT EXISTS `pago_efectivo` (
  `ef_id` int(11) NOT NULL AUTO_INCREMENT,
  `pago_ef_id` int(11) NOT NULL,
  `pago_ef_cedula` int(11) NOT NULL,
  `pago_ef_importe` int(11) NOT NULL,
  `pago_ef_desc` varchar(50) NOT NULL,
  PRIMARY KEY (`ef_id`)
) ENGINE=InnoDB AUTO_INCREMENT=318 DEFAULT CHARSET=latin1;

-- Volcando datos para la tabla est_vaucher.pago_efectivo: ~262 rows (aproximadamente)
/*!40000 ALTER TABLE `pago_efectivo` DISABLE KEYS */;
REPLACE INTO `pago_efectivo` (`ef_id`, `pago_ef_id`, `pago_ef_cedula`, `pago_ef_importe`, `pago_ef_desc`) VALUES
	(1, 205, 24578956, 850, 'EF'),
	(2, 206, 24578956, 3500, 'EF'),
	(3, 209, 42542474, 850, 'EF'),
	(4, 214, 35465475, 300, 'CRED'),
	(5, 215, 12542339, 300, 'CRED'),
	(6, 216, 12542339, 300, 'CRED'),
	(7, 217, 12542339, 200, 'CRED'),
	(8, 218, 12542339, 200, 'CRED'),
	(9, 219, 12542339, 200, 'CRED'),
	(10, 220, 12542339, 200, 'CRED'),
	(11, 221, 12542339, 200, 'CRED'),
	(12, 222, 12542339, 200, 'CRED'),
	(13, 223, 12542339, 200, 'CRED'),
	(14, 224, 12542339, 200, 'CRED'),
	(15, 225, 12542339, 200, 'CRED'),
	(16, 226, 12542339, 200, 'CRED'),
	(17, 227, 12542339, 200, 'CRED'),
	(19, 229, 12542339, 200, 'CRED'),
	(20, 230, 12542339, 200, 'CRED'),
	(21, 231, 12542339, 500, 'CRED'),
	(22, 232, 41214153, 300, 'CRED'),
	(23, 233, 41214153, 200, 'CRED'),
	(24, 233, 41214153, 200, 'CRED'),
	(25, 233, 41214153, 100, 'CRED'),
	(26, 233, 41214153, 350, 'CRED'),
	(27, 234, 19455549, 3500, 'EF'),
	(28, 235, 19455549, 100, 'CRED'),
	(29, 171, 24577742, 450, 'CRED'),
	(30, 106, 24577742, 850, 'CRED'),
	(31, 236, 24577742, 2500, 'CRED'),
	(32, 236, 24577742, 100, 'CRED'),
	(33, 236, 24577742, 900, 'CRED'),
	(34, 236, 24577742, 4000, 'CRED'),
	(35, 238, 25413634, 3500, 'CRED'),
	(36, 239, 25413634, 3500, 'EF'),
	(37, 238, 25413634, 800, 'CRED'),
	(38, 238, 25413634, 2000, 'CRED'),
	(39, 238, 25413634, 700, 'CRED'),
	(40, 242, 25413634, 7600, 'EF'),
	(41, 244, 25413634, 380, 'EF'),
	(42, 245, 25413634, 400, 'CRED'),
	(43, 245, 25413634, 1400, 'CRED'),
	(44, 245, 25413634, 1200, 'CRED'),
	(45, 248, 24578956, 1200, 'CRED'),
	(46, 249, 45698741, 1300, 'CRED'),
	(47, 249, 45698741, 1700, 'CRED'),
	(48, 250, 25413634, 3000, 'CRED'),
	(49, 250, 25413634, 500, 'CRED'),
	(50, 251, 32145226, 4200, 'EF'),
	(51, 235, 19455549, 280, 'CRED'),
	(52, 255, 51234568, 4700, 'EF'),
	(53, 257, 32145226, 7600, 'EF'),
	(54, 258, 23413632, 7600, 'EF'),
	(55, 260, 44247486, 500, 'EF'),
	(56, 263, 31244455, 400, 'EF'),
	(57, 265, 44188684, 550, 'EF'),
	(58, 267, 23413632, 2500, 'CRED'),
	(59, 267, 23413632, 6000, 'CRED'),
	(60, 269, 23413632, 450, 'EF'),
	(61, 270, 31244455, 2850, 'EF'),
	(62, 271, 31244455, 200, 'CRED'),
	(63, 271, 31244455, 150, 'CRED'),
	(64, 96, 12034566, 850, 'CRED'),
	(65, 273, 35465475, 7600, 'EF'),
	(66, 274, 42542474, 350, 'EF'),
	(67, 275, 42542474, 5000, 'CRED'),
	(68, 275, 42542474, 1000, 'CRED'),
	(69, 275, 42542474, 1600, 'CRED'),
	(70, 277, 25457892, 1400, 'EF'),
	(71, 278, 25457892, 6900, 'CRED'),
	(72, 278, 25457892, 2000, 'CRED'),
	(73, 32, 23364786, 5600, 'CRED'),
	(74, 128, 23364786, 650, 'CRED'),
	(75, 173, 23364786, 5500, 'CRED'),
	(76, 283, 44188684, 2500, 'CRED'),
	(77, 283, 44188684, 1200, 'CRED'),
	(78, 284, 32145624, 2000, 'CRED'),
	(79, 284, 32145624, 2500, 'CRED'),
	(80, 285, 32145624, 600, 'EF'),
	(81, 287, 45632153, 8900, 'EF'),
	(82, 29, 45789653, 8500, 'CRED'),
	(83, 168, 44247486, 7000, 'CRED'),
	(84, 155, 44247486, 850, 'CRED'),
	(85, 151, 44247486, 3500, 'CRED'),
	(86, 149, 44247486, 850, 'CRED'),
	(87, 289, 45632153, 10700, 'EF'),
	(88, 290, 45632153, 8000, 'CRED'),
	(89, 290, 45632153, 2000, 'CRED'),
	(90, 290, 45632153, 3400, 'CRED'),
	(91, 293, 45632153, 250, 'EF'),
	(92, 183, 44588795, 3500, 'CRED'),
	(93, 294, 45632153, 1050, 'EF'),
	(94, 295, 19455549, 450, 'EF'),
	(95, 296, 29144124, 790, 'EF'),
	(96, 236, 24577742, 1000, 'CRED'),
	(97, 297, 45632153, 10700, 'EF'),
	(98, 298, 45632153, 150, 'EF'),
	(99, 300, 45632153, 6000, 'CRED'),
	(100, 300, 45632153, 6100, 'CRED'),
	(101, 300, 45632153, 500, 'CRED'),
	(102, 301, 45632153, 150, 'EF'),
	(103, 302, 45632153, 150, 'EF'),
	(104, 303, 44188684, 150, 'EF'),
	(105, 305, 44188684, 450, 'EF'),
	(106, 167, 44188684, 850, 'CRED'),
	(107, 124, 44188684, 350, 'CRED'),
	(108, 130, 44188684, 50, 'CRED'),
	(109, 131, 44188684, 850, 'CRED'),
	(110, 132, 44188684, 850, 'CRED'),
	(111, 166, 44188684, 850, 'CRED'),
	(112, 141, 44188684, 8500, 'CRED'),
	(113, 133, 44188684, 850, 'CRED'),
	(114, 134, 44188684, 850, 'CRED'),
	(115, 140, 44188684, 850, 'CRED'),
	(116, 135, 44188684, 850, 'CRED'),
	(117, 136, 44188684, 850, 'CRED'),
	(118, 137, 44188684, 850, 'CRED'),
	(119, 138, 44188684, 850, 'CRED'),
	(120, 139, 44188684, 850, 'CRED'),
	(121, 165, 44188684, 850, 'CRED'),
	(122, 154, 44188684, 850, 'CRED'),
	(123, 148, 44188684, 850, 'CRED'),
	(124, 146, 44188684, 850, 'CRED'),
	(125, 145, 44188684, 850, 'CRED'),
	(126, 144, 44188684, 850, 'CRED'),
	(127, 143, 44188684, 850, 'CRED'),
	(128, 142, 44188684, 850, 'CRED'),
	(129, 308, 47894519, 150, 'EF'),
	(130, 309, 47894519, 790, 'EF'),
	(131, 310, 47894519, 9500, 'EF'),
	(132, 311, 10042763, 9500, 'EF'),
	(133, 312, 45632153, 5400, 'CRED'),
	(134, 312, 45632153, 5000, 'CRED'),
	(135, 113, 44588795, 850, 'CRED'),
	(136, 177, 44588795, 8500, 'CRED'),
	(137, 178, 44588795, 850, 'CRED'),
	(138, 179, 44588795, 3500, 'CRED'),
	(139, 180, 44588795, 850, 'CRED'),
	(140, 313, 47894519, 10700, 'EF'),
	(141, 312, 45632153, 2000, 'CRED'),
	(142, 314, 19347188, 1200, 'CRED'),
	(143, 314, 19347188, 1500, 'CRED'),
	(144, 314, 19347188, 500, 'CRED'),
	(145, 314, 19347188, 1000, 'CRED'),
	(146, 315, 19347188, 450, 'EF'),
	(147, 317, 24578912, 5000, 'CRED'),
	(148, 318, 19347188, 1500, 'EF'),
	(149, 102, 42542474, 800, 'CRED'),
	(150, 101, 42542474, 4500, 'CRED'),
	(151, 103, 42542474, 2500, 'CRED'),
	(152, 162, 42542474, 850, 'CRED'),
	(153, 163, 42542474, 4700, 'CRED'),
	(154, 320, 44188684, 1500, 'EF'),
	(155, 150, 32145771, 6300, 'CRED'),
	(156, 321, 32145771, 9700, 'EF'),
	(157, 323, 34121141, 6000, 'CRED'),
	(158, 323, 34121141, 200, 'CRED'),
	(159, 324, 34121141, 1050, 'EF'),
	(160, 325, 34121141, 10700, 'EF'),
	(161, 326, 14789454, 1050, 'EF'),
	(162, 328, 14789454, 10700, 'EF'),
	(163, 330, 14789454, 8000, 'CRED'),
	(164, 330, 14789454, 1200, 'CRED'),
	(165, 331, 14789454, 200, 'EF'),
	(166, 332, 19347188, 1000, 'CRED'),
	(167, 332, 19347188, 500, 'CRED'),
	(168, 333, 14789454, 150, 'EF'),
	(169, 334, 54124566, 150, 'EF'),
	(170, 335, 44188684, 1050, 'EF'),
	(171, 336, 45789653, 700, 'EF'),
	(172, 337, 19347188, 1500, 'EF'),
	(173, 41, 41578943, -600, 'CRED'),
	(174, 63, 41578943, 500, 'CRED'),
	(175, 340, 14789454, 1500, 'EF'),
	(176, 341, 54124566, 3000, 'EF'),
	(177, 342, 54124566, 850, 'EF'),
	(178, 343, 24567896, 1050, 'EF'),
	(179, 345, 24512465, 3100, 'EF'),
	(180, 346, 24512465, 9700, 'EF'),
	(181, 347, 24512465, 5000, 'CRED'),
	(182, 347, 24512465, -2100, 'CRED'),
	(183, 348, 45267483, 5700, 'CRED'),
	(184, 348, 45267483, 5000, 'CRED'),
	(185, 349, 45267483, 200, 'EF'),
	(186, 350, 45267483, 950, 'EF'),
	(187, 352, 45267483, 1050, 'EF'),
	(188, 353, 44188684, 1050, 'EF'),
	(189, 355, 15849853, 9700, 'EF'),
	(190, 356, 15849853, 1050, 'EF'),
	(191, 358, 62135218, 1050, 'EF'),
	(192, 359, 15849853, 1050, 'EF'),
	(193, 360, 35639636, 1050, 'EF'),
	(194, 361, 41245786, 1050, 'EF'),
	(195, 362, 41245786, 1050, 'EF'),
	(196, 364, 25647893, 950, 'EF'),
	(197, 367, 25647893, 1050, 'EF'),
	(198, 369, 54789544, 1050, 'EF'),
	(199, 371, 14528953, 1050, 'EF'),
	(200, 372, 14528953, 250, 'EF'),
	(201, 373, 19455549, 850, 'EF'),
	(202, 375, 41547893, 1050, 'EF'),
	(203, 376, 44188684, 1050, 'EF'),
	(204, 377, 44188684, 1050, 'EF'),
	(205, 378, 44188684, 1050, 'EF'),
	(206, 379, 44188684, 1050, 'EF'),
	(207, 380, 44188684, 1050, 'EF'),
	(208, 381, 44188684, 1050, 'EF'),
	(209, 382, 44188684, 1050, 'EF'),
	(210, 383, 44188684, 1050, 'EF'),
	(211, 384, 44188684, 1050, 'EF'),
	(212, 385, 44188684, 1050, 'EF'),
	(213, 386, 44188684, 1050, 'EF'),
	(214, 387, 44188684, 1050, 'EF'),
	(215, 388, 44188684, 1050, 'EF'),
	(216, 389, 44188684, 1050, 'EF'),
	(217, 390, 44188684, 1050, 'EF'),
	(218, 391, 44188684, 1050, 'EF'),
	(219, 392, 44247486, 1050, 'EF'),
	(220, 393, 44188684, 1050, 'EF'),
	(221, 394, 44188684, 1050, 'EF'),
	(223, 396, 44188684, 1050, 'EF'),
	(224, 397, 44188684, 1050, 'EF'),
	(225, 398, 44188684, 1050, 'EF'),
	(226, 399, 44188684, 1050, 'EF'),
	(227, 400, 44188684, 1050, 'EF'),
	(228, 401, 44188684, 1050, 'EF'),
	(229, 402, 24578956, 9700, 'EF'),
	(230, 403, 42542474, 1050, 'EF'),
	(231, 404, 44188684, 1050, 'EF'),
	(232, 405, 24578956, 1050, 'EF'),
	(233, 406, 44188684, 1050, 'EF'),
	(234, 407, 10042763, 1050, 'EF'),
	(235, 408, 19455549, 1050, 'EF'),
	(236, 409, 24578956, 1050, 'EF'),
	(237, 410, 35465475, 1050, 'EF'),
	(238, 411, 42542474, 1050, 'EF'),
	(239, 412, 42542474, 1050, 'EF'),
	(240, 413, 12456637, 1050, 'EF'),
	(241, 414, 24577742, 1050, 'EF'),
	(242, 415, 44588795, 1050, 'EF'),
	(243, 416, 44588795, 1050, 'EF'),
	(244, 417, 45698741, 1050, 'EF'),
	(245, 418, 45698741, 1050, 'EF'),
	(246, 419, 54145782, 1050, 'EF'),
	(247, 420, 54145782, 1050, 'EF'),
	(248, 421, 10042763, 1050, 'EF'),
	(249, 422, 10042763, 1050, 'EF'),
	(250, 423, 45698741, 1050, 'EF'),
	(251, 424, 45156898, 1050, 'EF'),
	(252, 425, 24578956, 1050, 'EF'),
	(253, 426, 24577742, 1050, 'EF'),
	(254, 427, 44588795, 1050, 'EF'),
	(255, 428, 42629707, 1050, 'EF'),
	(256, 429, 12456637, 1050, 'EF'),
	(257, 430, 19455549, 1050, 'EF'),
	(258, 431, 35465475, 1050, 'EF'),
	(259, 432, 23364786, 1050, 'EF'),
	(260, 433, 54145782, 1050, 'EF'),
	(261, 434, 44588795, 1050, 'EF'),
	(262, 435, 45156898, 1050, 'EF'),
	(263, 436, 45156898, 1050, 'EF'),
	(264, 437, 25890747, 1050, 'EF'),
	(265, 438, 44588795, 1050, 'EF'),
	(266, 439, 25890747, 1050, 'EF'),
	(267, 440, 42542474, 1050, 'EF'),
	(268, 441, 42542474, 12400, 'EF'),
	(269, 442, 41547893, 1050, 'EF'),
	(270, 443, 41547893, 1050, 'EF'),
	(271, 444, 41547893, 1050, 'EF'),
	(272, 445, 42011233, 450, 'EF'),
	(273, 446, 45698741, 1050, 'EF'),
	(274, 447, 45698741, 1050, 'EF'),
	(275, 448, 45156898, 1050, 'EF'),
	(276, 449, 51234568, 1050, 'EF'),
	(277, 450, 24567896, 1050, 'EF'),
	(278, 451, 44588795, 1050, 'EF'),
	(279, 452, 44588795, 1050, 'EF'),
	(280, 453, 24567896, 1050, 'EF'),
	(281, 454, 19455549, 1050, 'EF'),
	(282, 455, 15421528, 4200, 'EF'),
	(283, 456, 19455549, 10700, 'EF'),
	(284, 457, 54145782, 1050, 'EF'),
	(285, 28, 24157481, 850, 'CRED'),
	(286, 458, 24157481, 1050, 'EF'),
	(287, 459, 45789653, 1050, 'EF'),
	(288, 460, 24158792, 3100, 'EF'),
	(289, 462, 5412474, 6200, 'EF'),
	(290, 464, 44188684, 1050, 'EF'),
	(291, 466, 24578956, 100, 'CRED'),
	(292, 466, 24578956, 200, 'CRED'),
	(293, 466, 24578956, 150, 'CRED'),
	(294, 468, 24512465, 790, 'EF'),
	(295, 469, 14528953, 1050, 'EF'),
	(296, 470, 15421528, 1050, 'EF'),
	(297, 471, 10042763, 850, 'EF'),
	(298, 473, 54145782, 450, 'CRED'),
	(299, 473, 54145782, 400, 'CRED'),
	(300, 474, 41023982, 2300, 'EF'),
	(301, 476, 45698741, 200, 'CRED'),
	(302, 476, 45698741, 250, 'CRED'),
	(303, 477, 42629707, 8900, 'EF'),
	(304, 479, 45698741, 12400, 'EF'),
	(305, 480, 44188684, 850, 'EF'),
	(306, 481, 19455549, 500, 'CRED'),
	(307, 481, 19455549, 10000, 'CRED'),
	(308, 481, 19455549, 1900, 'CRED'),
	(309, 482, 47896636, 6200, 'EF'),
	(310, 484, 44188684, 650, 'EF'),
	(311, 485, 41578943, 850, 'EF'),
	(312, 486, 45698741, 1050, 'EF'),
	(313, 487, 19455549, 10400, 'EF'),
	(314, 488, 54145782, 3100, 'EF'),
	(315, 489, 41547893, 600, 'CRED'),
	(316, 490, 44188684, 800, 'CRED'),
	(317, 491, 44588795, 2000, 'EF');
/*!40000 ALTER TABLE `pago_efectivo` ENABLE KEYS */;


-- Volcando estructura para tabla est_vaucher.pago_tarjetas
DROP TABLE IF EXISTS `pago_tarjetas`;
CREATE TABLE IF NOT EXISTS `pago_tarjetas` (
  `tarj_id` int(11) NOT NULL AUTO_INCREMENT,
  `tarj_pac_cedula` int(11) NOT NULL,
  `tarj_pago_id` int(11) NOT NULL,
  `tarj_nro` bigint(20) NOT NULL,
  `tarj_desc` varchar(50) NOT NULL,
  `tarj_vence` date NOT NULL,
  `tarj_importe` int(11) NOT NULL,
  `tarj_cuotas` int(11) NOT NULL,
  PRIMARY KEY (`tarj_id`)
) ENGINE=InnoDB AUTO_INCREMENT=100 DEFAULT CHARSET=latin1;

-- Volcando datos para la tabla est_vaucher.pago_tarjetas: ~71 rows (aproximadamente)
/*!40000 ALTER TABLE `pago_tarjetas` DISABLE KEYS */;
REPLACE INTO `pago_tarjetas` (`tarj_id`, `tarj_pac_cedula`, `tarj_pago_id`, `tarj_nro`, `tarj_desc`, `tarj_vence`, `tarj_importe`, `tarj_cuotas`) VALUES
	(1, 44188684, 0, 123456789, 'OCA', '2015-01-09', 850, 2),
	(2, 44247486, 0, 123456789, 'OCA', '0000-00-00', 850, 2),
	(3, 32145618, 0, 42525252, 'VISA', '2015-01-09', 2900, 6),
	(4, 14578958, 0, 123456789, 'DINERS', '2015-01-09', 650, 4),
	(11, 44188684, 0, 6546546, 'VISA', '2015-01-13', 850, 22),
	(12, 44247486, 0, 4745474, 'AMEX', '2015-01-14', 7000, 44),
	(13, 24578956, 0, 4125489, 'DINERS', '2015-01-21', 6300, 33),
	(14, 14578958, 0, 547895, 'ANDA', '2015-01-22', 8500, 32),
	(15, 24577742, 0, 56464, 'OCA', '2015-01-07', 450, 2),
	(16, 19455549, 0, 123456, 'MASTER', '2015-01-14', 4200, 2),
	(18, 24578956, 0, 1234567847, 'MASTER', '2015-01-31', 4700, 3),
	(19, 25890747, 0, 2451478, 'DINERS', '2015-01-07', 8500, 5),
	(20, 19455549, 0, 321654, 'OCA', '2015-01-06', 2900, 3),
	(21, 44588795, 0, 25412568, 'OCA', '2015-01-30', 8500, 4),
	(22, 44588795, 0, 41526378, 'VISA', '2015-01-09', 850, 4),
	(23, 44588795, 0, 456789, 'MASTER', '2015-01-09', 3500, 3),
	(24, 44588795, 0, 526398741, 'AMEX', '2015-01-09', 850, 1),
	(25, 44588795, 0, 2323, 'OCA', '2015-01-15', 850, 2),
	(26, 44588795, 0, 34343, 'VISA', '2015-01-09', 8500, 3),
	(27, 44588795, 0, 34234, 'OCA', '2015-01-03', 3500, 2),
	(28, 44588795, 0, 3434234, 'OCA', '2015-01-08', 380, 2),
	(29, 14578958, 0, 8888888, 'OCA', '2015-01-31', 3500, 4),
	(30, 41214153, 0, 12345678, 'MASTER', '2015-01-09', 5500, 4),
	(31, 45156898, 0, 25415478, 'ANDA', '2015-01-31', 3000, 12),
	(32, 19455549, 0, 123456789, 'ANDA', '2016-03-26', 3500, 12),
	(33, 10042763, 0, 123456789, 'MASTER', '2015-01-31', 3500, 4),
	(34, 31245697, 8, 45124589, 'OCA', '2015-01-03', 3500, 10),
	(35, 61234566, 0, 1234567892, 'MASTER', '0000-00-00', 4200, 12),
	(36, 61234566, 0, 456464654, 'AMEX', '2015-01-17', 2900, 10),
	(37, 61234566, 0, 5465465, 'VISA', '2015-01-31', 450, 2),
	(38, 12542339, 194, 41425214, 'DINERS', '2015-01-16', 7000, 6),
	(39, 24567896, 195, 2132131, 'VISA', '2015-01-31', 2900, 6),
	(40, 29584732, 196, 123456789, 'OCA', '2015-01-31', 2900, 5),
	(41, 29584732, 197, 2131231, 'VISA', '2015-01-10', 3500, 3),
	(42, 29144124, 198, 134654987, 'OCA', '2015-01-31', 5500, 5),
	(43, 31245675, 199, 54545, 'AMEX', '2015-01-31', 8500, 7),
	(44, 24578956, 200, 4234, 'OCA', '2015-01-10', 8500, 4),
	(45, 54152636, 201, 123456789, 'MASTER', '2017-04-30', 8500, 10),
	(46, 12456637, 237, 1233245, 'VISA', '2015-01-31', 4700, 4),
	(47, 25413634, 240, 3434545, 'OCA', '2015-01-31', 8500, 3),
	(48, 25413634, 241, 123456789, 'VISA', '2015-01-31', 7600, 6),
	(49, 25413634, 243, 42156421, 'ANDA', '2015-01-31', 4700, 3),
	(50, 25413634, 246, 123456789, 'VISA', '2015-01-31', 7600, 4),
	(51, 32145226, 247, 123456789, 'OCA', '2015-01-31', 7600, 3),
	(52, 32145226, 252, 123456789, 'VISA', '2015-01-31', 7600, 6),
	(53, 32145226, 253, 324654, 'OCA', '2015-01-31', 7000, 2),
	(54, 19455549, 254, 123456789, 'MASTER', '2015-01-31', 3500, 5),
	(55, 32145226, 256, 1234567891234526, 'DINERS', '2015-01-31', 7600, 2),
	(56, 31244455, 259, 1451256987453214, 'AMEX', '2015-02-28', 8500, 10),
	(57, 23413632, 261, 1245789541254789, 'DINERS', '2017-03-31', 3500, 6),
	(58, 19455549, 262, 1245789865847523, 'VISA', '2018-01-05', 8900, 10),
	(59, 32145226, 264, 5412635478954721, 'AMEX', '2017-01-28', 3200, 12),
	(60, 23413632, 266, 1245784136259874, 'VISA', '2016-02-28', 7200, 6),
	(61, 23413632, 268, 1234568748956321, 'OCA', '2015-01-31', 8500, 4),
	(62, 19345033, 272, 2145789856523214, 'MASTER', '2015-01-31', 2850, 6),
	(63, 25457892, 276, 1234568974859632, 'MASTER', '2017-06-30', 8500, 12),
	(64, 25457892, 279, 1245874896523012, 'VISA', '2015-04-30', 10800, 10),
	(65, 24578912, 280, 2145632598745263, 'OCA', '2016-04-30', 2500, 6),
	(66, 24578912, 281, 5452130698700123, 'VISA', '2017-05-31', 3200, 10),
	(67, 24578912, 282, 1245362578954120, 'MASTER', '2017-02-28', 8900, 6),
	(68, 45632153, 286, 1245789563214578, 'VISA', '2015-02-28', 3700, 4),
	(69, 45632153, 288, 1245632578954712, 'AMEX', '2017-04-30', 7875, 10),
	(70, 45632153, 292, 1234568974859654, 'OCA', '2015-03-14', 9200, 6),
	(71, 32145226, 299, 1458798563251478, 'OCA', '2016-02-01', 10400, 6),
	(72, 44188684, 304, 2145698745896321, 'VISA', '2017-06-30', 9700, 10),
	(73, 32145624, 306, 5478958632102456, 'ANDA', '2017-06-30', 850, 6),
	(74, 45632153, 307, 1547254895623211, 'ANDA', '2017-07-31', 13400, 10),
	(75, 34121141, 316, 4154632578954102, 'ANDA', '2017-09-30', 10400, 6),
	(76, 42542474, 319, 4578123469854774, 'DINERS', '2017-08-30', 12400, 10),
	(77, 54145782, 322, 1245789542563217, 'VISA', '2017-06-30', 10700, 6),
	(78, 14789454, 327, 2415632598745621, 'VISA', '2017-07-31', 10700, 10),
	(79, 14789454, 329, 1245789874589632, 'VISA', '2017-06-30', 6200, 10),
	(80, 41578943, 338, 6254124523698745, 'VISA', '2018-08-30', 3000, 4),
	(81, 54124566, 339, 6985741236541025, 'MASTER', '2017-09-30', 6200, 6),
	(82, 32145226, 344, 2145698748596321, 'AMEX', '2017-06-30', 2300, 6),
	(83, 45267483, 351, 1451232565478941, 'OCA', '2017-07-30', 850, 3),
	(84, 15849853, 354, 1457896587452321, 'OCA', '2017-06-30', 10700, 10),
	(85, 15849853, 357, 7458965421236588, 'DINERS', '2017-01-30', 13400, 10),
	(86, 41245786, 363, 1245789874589632, 'OCA', '2017-07-31', 1050, 6),
	(87, 15478418, 365, 1458974856231025, 'AMEX', '2018-01-31', 9200, 10),
	(88, 25647893, 366, 4512369874102589, 'OCA', '2017-06-30', 12600, 10),
	(89, 24512465, 368, 1246598748858478, 'VISA', '2018-06-30', 3100, 10),
	(90, 24512465, 370, 1452123652457789, 'MASTER', '2018-10-31', 4200, 4),
	(91, 31245697, 374, 2451203652145789, 'OCA', '2018-10-31', 10400, 10),
	(92, 34121141, 461, 2145789854741256, 'OCA', '2016-01-31', 10400, 10),
	(93, 4512635, 463, 1452123652457789, 'OCA', '2017-08-31', 10700, 6),
	(94, 44188684, 465, 1452123652457789, 'OCA', '2015-09-01', 10700, 6),
	(95, 45124108, 467, 2501457899966585, 'OCA', '2015-09-23', 6200, 2),
	(96, 45213216, 472, 4152365214578963, 'VISA', '2015-09-30', 3100, 6),
	(97, 41023982, 475, 1452123652457789, 'MASTER', '2015-09-30', 9200, 10),
	(98, 54152636, 478, 6587899665478745, 'DINERS', '2018-09-30', 3100, 12),
	(99, 47896636, 483, 1452123652457789, 'OCA', '2015-10-31', 9200, 10);
/*!40000 ALTER TABLE `pago_tarjetas` ENABLE KEYS */;


-- Volcando estructura para tabla est_vaucher.roles
DROP TABLE IF EXISTS `roles`;
CREATE TABLE IF NOT EXISTS `roles` (
  `rol_id` int(11) NOT NULL AUTO_INCREMENT,
  `rol_name` varchar(50) NOT NULL DEFAULT '0',
  PRIMARY KEY (`rol_id`),
  UNIQUE KEY `rol_name` (`rol_name`)
) ENGINE=InnoDB AUTO_INCREMENT=4 DEFAULT CHARSET=latin1;

-- Volcando datos para la tabla est_vaucher.roles: ~3 rows (aproximadamente)
/*!40000 ALTER TABLE `roles` DISABLE KEYS */;
REPLACE INTO `roles` (`rol_id`, `rol_name`) VALUES
	(1, 'ROLE_ADMIN'),
	(3, 'ROLE_ANONIMOUS'),
	(2, 'ROLE_USER');
/*!40000 ALTER TABLE `roles` ENABLE KEYS */;


-- Volcando estructura para tabla est_vaucher.seguimiento_pacientes
DROP TABLE IF EXISTS `seguimiento_pacientes`;
CREATE TABLE IF NOT EXISTS `seguimiento_pacientes` (
  `seg_pac_id` int(11) NOT NULL AUTO_INCREMENT,
  `trat_pac_id` int(11) NOT NULL,
  `fecha_control` varchar(50) DEFAULT NULL,
  `brazo_izquierdo` int(11) DEFAULT NULL,
  `brazo_derecho` int(11) DEFAULT NULL,
  `muzlo_izquierdo` int(11) DEFAULT NULL,
  `muzlo_derecho` int(11) DEFAULT NULL,
  `abdomen` int(11) DEFAULT NULL,
  `cintura` int(11) DEFAULT NULL,
  `cadera` int(11) DEFAULT NULL,
  `peso` int(11) DEFAULT NULL,
  `imc` double unsigned DEFAULT NULL,
  `observaciones` varchar(50) DEFAULT NULL,
  PRIMARY KEY (`seg_pac_id`)
) ENGINE=InnoDB AUTO_INCREMENT=30 DEFAULT CHARSET=latin1;

-- Volcando datos para la tabla est_vaucher.seguimiento_pacientes: ~14 rows (aproximadamente)
/*!40000 ALTER TABLE `seguimiento_pacientes` DISABLE KEYS */;
REPLACE INTO `seguimiento_pacientes` (`seg_pac_id`, `trat_pac_id`, `fecha_control`, `brazo_izquierdo`, `brazo_derecho`, `muzlo_izquierdo`, `muzlo_derecho`, `abdomen`, `cintura`, `cadera`, `peso`, `imc`, `observaciones`) VALUES
	(1, 42, '2014-11-21', 0, 0, 0, 0, 0, 0, 0, 50, 50.4, 'observaciones'),
	(2, 42, '2014-11-21', 0, 0, 0, 0, 0, 0, 0, 50, 50.4, 'observaciones'),
	(3, 43, '2014-11-21', 0, 0, 0, 0, 0, 0, 0, 50, 50.4, 'observaciones'),
	(4, 43, '2014-11-21', 0, 0, 0, 0, 0, 0, 0, 40, 50.4, 'observaciones'),
	(5, 43, '2014-11-21', 42, 42, 60, 60, 60, 40, 40, 60, 40, 'Prueba'),
	(6, 43, '2014-11-21', 42, 42, 60, 60, 60, 40, 40, 60, 40, 'Prueba'),
	(7, 43, '2014-11-21', 42, 42, 60, 60, 60, 40, 40, 60, 40.1, 'Prueba2'),
	(8, 43, '2014-11-21', 50, 50, 80, 80, 100, 50, 50, 78, 80.5, 'Prueba3'),
	(9, 41, '2014-11-21', 40, 40, 60, 60, 80, 40, 90, 60, 40.2, 'Prueba 1'),
	(10, 43, '2014-11-21', 35, 35, 50, 50, 60, 60, 90, 55, 12.4, 'Otra prueba'),
	(11, 44, '2014-11-21', 35, 35, 60, 60, 90, 60, 90, 55, 20.6, 'Prueba 1'),
	(12, 45, '2014-11-21', 20, 20, 50, 50, 100, 80, 89, 90, 28.3, 'Esta bastante gorda'),
	(13, 44, '2014-11-22', 30, 30, 55, 55, 80, 50, 80, 50, 18.4, 'Mejorando'),
	(14, 46, '2014-11-23', 30, 30, 60, 60, 120, 90, 90, 80, 20.8, 'Inicio '),
	(15, 47, '2014-11-24', 20, 20, 60, 60, 120, 90, 130, 60, 14.7, 'Comienzo de Tratamiento'),
	(16, 48, '2014-11-25', 20, 20, 60, 60, 120, 90, 120, 56, 12.3, 'Se evalua en primer sesion'),
	(17, 56, '2014-12-01', 20, 20, 20, 20, 20, 20, 90, 74, 20.4, 'rtyrt'),
	(18, 67, '2014-12-02', 40, 40, 70, 70, 90, 90, 90, 79, 20.5, 'Todo Ok'),
	(19, 43, '2014-11-21', 42, 42, 60, 60, 60, 40, 40, 60, 40.1, 'Prueba2'),
	(20, 43, '2014-11-21', 42, 42, 60, 60, 60, 40, 40, 60, 40.1, 'Prueba2'),
	(21, 43, '2014-11-21', 42, 42, 60, 60, 60, 40, 40, 60, 40.1, 'Prueba2'),
	(22, 43, '2014-11-21', 42, 42, 60, 60, 60, 40, 40, 60, 40.1, 'Prueba2'),
	(23, 43, '2014-11-21', 42, 42, 60, 60, 60, 40, 40, 60, 40.1, 'Prueba2'),
	(24, 43, '2014-11-21', 42, 42, 60, 60, 60, 40, 40, 60, 40.1, 'Prueba2'),
	(25, 308, '2015-05-25', 22, 22, 60, 60, 100, 90, 120, 70, 2.4, 'Control Nro 1'),
	(26, 43, '2014-11-21', 42, 42, 60, 60, 60, 40, 40, 60, 40.1, 'Prueba2'),
	(27, 43, '2014-11-21', 42, 42, 60, 60, 60, 40, 40, 60, 40.1, 'Prueba2'),
	(28, 43, '2014-11-21', 42, 42, 60, 60, 60, 40, 40, 60, 40.1, 'Prueba2'),
	(29, 43, '2014-11-21', 42, 42, 60, 60, 60, 40, 40, 60, 40.1, 'Prueba2');
/*!40000 ALTER TABLE `seguimiento_pacientes` ENABLE KEYS */;


-- Volcando estructura para tabla est_vaucher.sesiones
DROP TABLE IF EXISTS `sesiones`;
CREATE TABLE IF NOT EXISTS `sesiones` (
  `ses_id` int(11) NOT NULL AUTO_INCREMENT,
  `ses_trat_pac_id` int(11) NOT NULL,
  `ses_cantidad` int(11) NOT NULL,
  `sesiones_realizadas` int(11) NOT NULL,
  `sesiones_pendientes` int(11) NOT NULL,
  `ses_fecha_reserva` date DEFAULT NULL,
  `ses_estado_realizada` varchar(50) DEFAULT NULL,
  `ses_estado_vigencia` varchar(50) DEFAULT NULL,
  PRIMARY KEY (`ses_id`),
  KEY `sesion_tratamiento` (`ses_trat_pac_id`),
  CONSTRAINT `sesion_tratamiento` FOREIGN KEY (`ses_trat_pac_id`) REFERENCES `tratamiento_paciente` (`trat_pac_id`)
) ENGINE=InnoDB DEFAULT CHARSET=latin1;

-- Volcando datos para la tabla est_vaucher.sesiones: ~0 rows (aproximadamente)
/*!40000 ALTER TABLE `sesiones` DISABLE KEYS */;
/*!40000 ALTER TABLE `sesiones` ENABLE KEYS */;


-- Volcando estructura para tabla est_vaucher.ses_realizadas
DROP TABLE IF EXISTS `ses_realizadas`;
CREATE TABLE IF NOT EXISTS `ses_realizadas` (
  `ses_realizada_id` int(11) NOT NULL,
  `ses_id` int(11) NOT NULL,
  `ses_cant` int(11) NOT NULL,
  `ses_fecha_realizada` int(11) NOT NULL,
  PRIMARY KEY (`ses_realizada_id`)
) ENGINE=InnoDB DEFAULT CHARSET=latin1;

-- Volcando datos para la tabla est_vaucher.ses_realizadas: ~0 rows (aproximadamente)
/*!40000 ALTER TABLE `ses_realizadas` DISABLE KEYS */;
/*!40000 ALTER TABLE `ses_realizadas` ENABLE KEYS */;


-- Volcando estructura para tabla est_vaucher.tipo_tratamiento
DROP TABLE IF EXISTS `tipo_tratamiento`;
CREATE TABLE IF NOT EXISTS `tipo_tratamiento` (
  `tip_trat_id` int(11) NOT NULL AUTO_INCREMENT,
  `tip_trat_descripcion` varchar(50) DEFAULT NULL,
  PRIMARY KEY (`tip_trat_id`)
) ENGINE=InnoDB AUTO_INCREMENT=29 DEFAULT CHARSET=latin1;

-- Volcando datos para la tabla est_vaucher.tipo_tratamiento: ~8 rows (aproximadamente)
/*!40000 ALTER TABLE `tipo_tratamiento` DISABLE KEYS */;
REPLACE INTO `tipo_tratamiento` (`tip_trat_id`, `tip_trat_descripcion`) VALUES
	(1, 'Relax'),
	(2, 'Terapeutico'),
	(3, 'Modelador'),
	(4, 'Estetico'),
	(9, 'Cuponera'),
	(11, 'Promocion'),
	(27, 'Varios'),
	(28, 'TipoTratamiento4');
/*!40000 ALTER TABLE `tipo_tratamiento` ENABLE KEYS */;


-- Volcando estructura para tabla est_vaucher.tratamiento
DROP TABLE IF EXISTS `tratamiento`;
CREATE TABLE IF NOT EXISTS `tratamiento` (
  `trat_id` int(11) NOT NULL AUTO_INCREMENT,
  `trat_tpo_id` int(11) DEFAULT NULL,
  `trat_descripcion` varchar(200) NOT NULL,
  `trat_cant_sesiones` int(11) DEFAULT '1',
  PRIMARY KEY (`trat_id`),
  KEY `FK_tratamiento_tipo_tratamiento` (`trat_tpo_id`),
  CONSTRAINT `FK_tratamiento_tipo_tratamiento` FOREIGN KEY (`trat_tpo_id`) REFERENCES `tipo_tratamiento` (`tip_trat_id`)
) ENGINE=InnoDB AUTO_INCREMENT=63 DEFAULT CHARSET=latin1;

-- Volcando datos para la tabla est_vaucher.tratamiento: ~43 rows (aproximadamente)
/*!40000 ALTER TABLE `tratamiento` DISABLE KEYS */;
REPLACE INTO `tratamiento` (`trat_id`, `trat_tpo_id`, `trat_descripcion`, `trat_cant_sesiones`) VALUES
	(2, 3, 'Ultracavitacion', 1),
	(7, 9, '10 Sesiones de 1/2 Hora de presoterapia, y 1/2 Hora de Ultracavitacion', 10),
	(8, 9, '15 Sesiones de 15 minutos Ultrasonido', 15),
	(9, 9, '6 Sesiones Ultracavitacion, 8 Sesiones Plissage, 2 Sesiones de Presoterapia, 4 Sesiones de Electrodos', 20),
	(11, 9, '10 Sesiones 1/2 hora de Plisagge + 10 Sesiones 1/2 hora de Electrodos.', 20),
	(12, 4, 'Peeling', 1),
	(16, 2, 'Ultrasonido', 1),
	(17, 2, 'Masaje de Espalda', 1),
	(19, 9, '8 sesiones de masaje muslos', 8),
	(20, 2, '5 Sesiones de Masaje de Espalda', 5),
	(21, 2, '10 Sesiones de Masaje de Muzlos, 10 Sesiones de Ultrasonido, 10 Sesiones de Tens', 30),
	(22, 9, '20 Sesiones de Masaje Descontracturante', 20),
	(23, 9, '5 Sesiones de Drenaje Linfatico, 5 Sesiones de Masaje de Piernas, 5 Sesiones de Ultrasonido', 15),
	(24, 9, '5 Sesiones de Masaje descontracturante, 10 Sesiones de Masaje Relax', 15),
	(25, 9, '8 Sesiones de Peeling', 8),
	(26, 9, '10 Sesiones de Ultracavitacion', 10),
	(27, 1, 'Masaje cuero cabelludo', 1),
	(28, 1, 'Masaje de pies', 1),
	(29, 3, 'Masaje de abdomen con plissage', 1),
	(30, 9, '10 masajes de cuello', 10),
	(31, 9, '10 Sesiones de Ultrasonido + 10 Sesiones de Bio Magnetismo', 20),
	(32, 9, '10 Sesiones de Radio Frecuencia y 5 Sesiones de Peeling', 15),
	(33, 2, 'Masaje de Brazos', 1),
	(34, 11, '2 por 1 5 Sesiones de Masajes de Muzlos', 5),
	(35, 2, 'Masaje de hombros', 1),
	(36, 9, '5 Sesiones de Ultracavitacion y 5 Sesiones de Presoterapia', 10),
	(37, 9, '5 Sesiones de BioMagnetismo', 5),
	(38, 3, 'Plisagge', 1),
	(39, 1, 'Aroma terapia', 1),
	(40, 2, 'Meditacion', 1),
	(41, 9, '5 Sesiones de Meditacion', 5),
	(42, 4, 'Puntas de Diamante', 1),
	(43, 9, '5 Sesiones de Puntas de Diamante, 5 Sesiones de Peelling', 10),
	(44, 1, 'Cuencos Tibetanos', 1),
	(45, 9, '5 Sesiones de Ultracavitacion, 5 sesiones de Plissage, 5 Sesiones de drenage linfatico', 15),
	(46, 2, 'Masaje de ojos', 1),
	(47, 2, 'Quiropraxia de Espalda', 1),
	(48, 1, 'Masaje de 15 minutos de Espalda', 1),
	(49, 3, 'Masaje modelador de cuello', 1),
	(50, 9, '5 sesiones de SlowDeep', 5),
	(51, 2, 'Tens', 1),
	(52, 11, '2 X 1, 5 Sesiones de SlowDeep', 5),
	(53, 4, 'Depilacion de cavado', 1),
	(54, 11, '2 X 1 En 10 Sesiones de SlowDeep', 10),
	(55, 3, 'Maderoterapia', 1),
	(56, 9, '10 Sesiones de Maderoterapia', 10),
	(57, 3, 'Radio frecuencia', 1),
	(58, 9, '5 Sesiones de Peeling', 5),
	(59, 11, '2 X1 en Tratamiento Anti Age', 5),
	(60, 2, 'Tratamiento Anti Acne', 1),
	(61, 1, 'Pedicuria', 1),
	(62, 1, 'fsdfsdfsdfsdf', 22);
/*!40000 ALTER TABLE `tratamiento` ENABLE KEYS */;


-- Volcando estructura para tabla est_vaucher.tratamiento_paciente
DROP TABLE IF EXISTS `tratamiento_paciente`;
CREATE TABLE IF NOT EXISTS `tratamiento_paciente` (
  `trat_pac_id` int(11) NOT NULL AUTO_INCREMENT,
  `pac_cedula` int(11),
  `trat_id` int(11) NOT NULL,
  `fecha` date NOT NULL,
  `costo_tratamiento` int(11) DEFAULT NULL,
  `importe_pagado` int(11) DEFAULT NULL,
  `saldo_pendiente` int(11) DEFAULT NULL,
  `cant_sesiones` int(11) DEFAULT NULL,
  PRIMARY KEY (`trat_pac_id`),
  KEY `Pacientes` (`pac_cedula`),
  CONSTRAINT `Pacientes` FOREIGN KEY (`pac_cedula`) REFERENCES `pacientes` (`cedula`)
) ENGINE=InnoDB AUTO_INCREMENT=492 DEFAULT CHARSET=latin1 COMMENT='private int tratPacId;\r\nprivate Date fecha;\r\nprivate Pacientes pacientes;\r\nprivate Tratamiento tratamiento;\r\nprivate int cantSesiones;\r\nprivate int sesionesRealizadas;\r\nprivate int sesionesPendientes;\r\nprivate int costoTratamiento;\r\nprivate int importePagado;\r\nprivate int saldoPendiente;';

-- Volcando datos para la tabla est_vaucher.tratamiento_paciente: ~273 rows (aproximadamente)
/*!40000 ALTER TABLE `tratamiento_paciente` DISABLE KEYS */;
REPLACE INTO `tratamiento_paciente` (`trat_pac_id`, `pac_cedula`, `trat_id`, `fecha`, `costo_tratamiento`, `importe_pagado`, `saldo_pendiente`, `cant_sesiones`) VALUES
	(27, 24567896, 12, '2014-09-25', 650, 650, 0, 11),
	(28, 24157481, 2, '2014-09-25', 850, 850, 0, 12),
	(29, 45789653, 8, '2014-10-02', 8500, 8500, 0, 2),
	(30, 45156898, 9, '2014-10-08', 6400, 6400, 0, 1),
	(31, 25890747, 17, '2014-10-02', 850, 850, 0, 10),
	(32, 23364786, 9, '2014-10-20', 5600, 5600, 0, 20),
	(39, 29584732, 9, '2014-11-05', 12500, 12500, 0, 20),
	(40, 31245675, 7, '2014-11-06', 6500, 6500, 0, 10),
	(41, 41578943, 9, '2014-11-06', 10500, 10500, 0, 20),
	(42, 62135218, 8, '2014-11-07', 6500, 6500, 0, 15),
	(43, 51234568, 7, '2014-11-20', 11500, 11500, 0, 10),
	(44, 31245697, 8, '2014-11-21', 8500, 8500, 0, 15),
	(45, 45213216, 9, '2014-11-21', 2000, 2000, 0, 20),
	(46, 41214153, 9, '2014-11-23', 8500, 8500, 0, 20),
	(47, 54152636, 19, '2014-11-24', 8500, 8500, 0, 8),
	(48, 29144124, 7, '2014-11-25', 8500, 8500, 0, 10),
	(49, 42154126, 7, '2014-11-28', 5800, 5800, 0, 10),
	(50, 42154126, 7, '2014-12-01', 8500, 500, 8000, 10),
	(51, 42154126, 8, '2014-12-01', 9000, 5000, 4000, 15),
	(56, 44188684, 8, '2014-12-01', 2500, 2500, 0, 15),
	(57, 44188684, 9, '2014-12-01', 8500, 8500, 0, 20),
	(58, 44247486, 7, '2014-12-01', 6500, 6500, 0, 10),
	(59, 24578956, 9, '2014-12-01', 4500, 4500, 0, 20),
	(60, 19455549, 8, '2014-12-01', 2500, 2500, 0, 15),
	(61, 19455549, 17, '2014-12-01', 490, 490, 0, 1),
	(62, 14578958, 9, '2014-12-01', 8500, 6500, 2000, 20),
	(63, 41578943, 7, '2014-12-01', 4500, 4500, 0, 10),
	(64, 44188684, 8, '2014-12-01', 8500, 8500, 0, 15),
	(65, 61234566, 19, '2014-12-01', 4500, 4500, 0, 8),
	(66, 41021326, 17, '2014-12-01', 450, 450, 0, 1),
	(67, 19455549, 19, '2014-12-01', 4500, 4500, 0, 8),
	(68, 10042763, 20, '2014-12-01', 2100, 2100, 0, 5),
	(69, 25890747, 20, '2014-12-01', 2100, 2100, 0, 5),
	(70, 45698741, 16, '2014-12-01', 350, 350, 0, 1),
	(71, 44188684, 8, '2014-12-01', 2100, 2100, 0, 15),
	(72, 35465475, 9, '2014-12-01', 7600, 7600, 0, 20),
	(73, 12456637, 9, '2014-12-02', 6700, 6700, 0, 20),
	(74, 44188684, 20, '2014-12-02', 4400, 4400, 0, 5),
	(75, 24578956, 19, '2014-12-02', 5200, 5200, 0, 8),
	(76, 41021326, 11, '2014-12-02', 9500, 9500, 0, 20),
	(77, 44188684, 22, '2014-12-05', 8800, 8800, 0, 20),
	(78, 44188684, 23, '2014-12-05', 6500, 6500, 0, 15),
	(79, 44188684, 2, '2014-12-07', 3400, 3400, 0, 1),
	(80, 44188684, 9, '2014-12-12', 5100, 5100, 0, 20),
	(81, 32145618, 7, '2014-12-12', 2500, 0, 2500, 10),
	(82, 44188684, 19, '2014-12-12', 3800, 3800, 0, 8),
	(83, 44188684, 2, '2014-12-12', 850, 850, 0, 1),
	(84, 44188684, 9, '2014-12-12', 5100, 5100, 0, 20),
	(85, 44247486, 17, '2014-12-12', 490, 490, 0, 1),
	(86, 44247486, 22, '2014-12-12', 9500, 9500, 0, 20),
	(87, 44188684, 17, '2014-12-12', 490, 490, 0, 1),
	(88, 12034566, 7, '2014-12-12', 2500, 500, 2000, 10),
	(89, 12034566, 2, '2014-12-12', 850, 0, 0, 1),
	(90, 12034566, 7, '2014-12-12', 2500, 0, 0, 10),
	(91, 12034566, 9, '2014-12-12', 5100, 0, 0, 20),
	(92, 32145618, 2, '2014-12-12', 850, 0, 0, 1),
	(93, 12034566, 24, '2014-12-12', 6200, 0, 0, 15),
	(94, 32145618, 22, '2014-12-12', 9500, 0, 0, 20),
	(95, 32145618, 19, '2014-12-12', 3800, 0, 0, 8),
	(96, 12034566, 2, '2014-12-12', 850, 850, 0, 1),
	(97, 41021326, 20, '2014-12-12', 2300, 0, 0, 5),
	(98, 41021326, 24, '2014-12-12', 6200, 0, 0, 15),
	(99, 41021326, 2, '2014-12-12', 850, 20, 0, 1),
	(100, 24578956, 2, '2014-12-12', 850, 850, 0, 1),
	(101, 42542474, 11, '2014-12-12', 4500, 4500, 0, 20),
	(102, 42542474, 2, '2014-12-12', 850, 850, 0, 1),
	(103, 42542474, 7, '2014-12-12', 2500, 2500, 0, 10),
	(104, 14578958, 8, '2014-12-12', 4300, 0, 0, 15),
	(105, 14578958, 2, '2014-12-12', 850, 0, 0, 1),
	(106, 24577742, 2, '2014-12-12', 850, 850, 0, 1),
	(107, 19455549, 2, '2014-12-12', 850, 850, 0, 1),
	(108, 19455549, 7, '2014-12-12', 2500, 2500, 0, 10),
	(109, 19455549, 11, '2014-12-12', 4500, 4500, 0, 20),
	(110, 19455549, 19, '2014-12-12', 3800, 3800, 0, 8),
	(111, 19455549, 24, '2014-12-13', 6200, 6200, 0, 15),
	(112, 19455549, 11, '2014-12-13', 4500, 4500, 0, 20),
	(113, 44588795, 2, '2014-12-13', 850, 850, 0, 1),
	(114, 44188684, 2, '2014-12-13', 850, 850, 0, 1),
	(115, 44188684, 2, '2014-12-13', 850, 850, 0, 1),
	(116, 12542339, 2, '2014-12-13', 850, 850, 0, 1),
	(117, 44188684, 2, '2014-12-13', 850, 850, 0, 1),
	(118, 44188684, 7, '2014-12-13', 2500, 2500, 0, 10),
	(119, 44188684, 24, '2014-12-13', 6200, 6200, 0, 15),
	(120, 32124561, 11, '2014-12-15', 500, 500, 0, 20),
	(121, 19455549, 20, '2014-12-18', 2300, 2300, 0, 5),
	(122, 44188684, 8, '2014-12-23', 3200, 3200, 0, 15),
	(123, 44188684, 2, '2014-12-23', 650, 650, 0, 1),
	(124, 44188684, 2, '2015-12-29', 650, 650, 0, 1),
	(125, 19455549, 2, '2015-12-29', 650, 650, 0, 1),
	(126, 12542339, 2, '2015-12-29', 650, 650, 0, 1),
	(127, 44188684, 2, '2015-12-31', 650, 650, 0, 1),
	(128, 23364786, 2, '2015-01-01', 650, 650, 0, 1),
	(129, 54324322, 2, '2015-01-07', 850, 0, 850, 1),
	(130, 44188684, 2, '2015-01-07', 850, 850, 0, 1),
	(131, 44188684, 2, '2015-01-07', 850, 850, 0, 1),
	(132, 44188684, 2, '2015-01-07', 850, 850, 0, 1),
	(133, 44188684, 2, '2015-01-07', 850, 850, 0, 1),
	(134, 44188684, 2, '2015-01-07', 850, 850, 0, 1),
	(135, 44188684, 2, '2015-01-07', 850, 850, 0, 1),
	(136, 44188684, 2, '2015-01-07', 850, 850, 0, 1),
	(137, 44188684, 2, '2015-01-07', 850, 850, 0, 1),
	(138, 44188684, 2, '2015-01-07', 850, 850, 0, 1),
	(139, 44188684, 2, '2015-01-07', 850, 850, 0, 1),
	(140, 44188684, 2, '2015-01-07', 850, 850, 0, 1),
	(141, 44188684, 7, '2015-01-07', 8500, 8500, 0, 10),
	(142, 44188684, 2, '2015-01-07', 850, 850, 0, 1),
	(143, 44188684, 2, '2015-01-07', 850, 850, 0, 1),
	(144, 44188684, 2, '2015-01-07', 850, 850, 0, 1),
	(145, 44188684, 2, '2015-01-08', 850, 850, 0, 1),
	(146, 44188684, 2, '2015-01-08', 850, 850, 0, 1),
	(147, 44247486, 2, '2015-01-08', 850, 850, 0, 1),
	(148, 44188684, 2, '2015-01-08', 850, 850, 0, 1),
	(149, 44247486, 2, '2015-01-08', 850, 850, 0, 1),
	(150, 32145771, 24, '2015-01-08', 6300, 6300, 0, 15),
	(151, 44247486, 8, '2015-01-08', 3500, 3500, 0, 15),
	(152, 24578956, 12, '2015-01-08', 450, 0, 450, 1),
	(154, 44188684, 2, '2015-01-09', 850, 850, 0, 1),
	(155, 44247486, 2, '2015-01-09', 850, 850, 0, 1),
	(156, 32145618, 25, '2015-01-09', 2900, 0, 2900, 8),
	(160, 14578958, 17, '2015-01-09', 650, 0, 650, 1),
	(162, 42542474, 2, '2015-01-09', 850, 850, 0, 1),
	(163, 42542474, 19, '2015-01-09', 4700, 4700, 0, 8),
	(164, 45156898, 25, '2015-01-09', 2900, 2900, 0, 8),
	(165, 44188684, 2, '2015-01-09', 850, 850, 0, 1),
	(166, 44188684, 2, '2015-01-09', 850, 850, 0, 1),
	(167, 44188684, 2, '2015-01-09', 850, 850, 0, 1),
	(168, 44247486, 22, '2015-01-09', 7000, 7000, 0, 20),
	(169, 24578956, 23, '2015-01-09', 6300, 0, 6300, 15),
	(170, 14578958, 7, '2015-01-09', 8500, 0, 8500, 10),
	(171, 24577742, 12, '2015-01-09', 450, 450, 0, 1),
	(172, 19455549, 21, '2015-01-09', 4200, 4200, 0, 30),
	(173, 23364786, 11, '2015-01-09', 5500, 5500, 0, 20),
	(174, 24578956, 19, '2015-01-09', 4700, 0, 4700, 8),
	(175, 25890747, 9, '2015-01-09', 8500, 0, 8500, 20),
	(176, 19455549, 25, '2015-01-09', 2900, 2900, 0, 8),
	(177, 44588795, 7, '2015-01-09', 8500, 8500, 0, 10),
	(178, 44588795, 2, '2015-01-09', 850, 850, 0, 1),
	(179, 44588795, 8, '2015-01-09', 3500, 3500, 0, 15),
	(180, 44588795, 2, '2015-01-09', 850, 850, 0, 1),
	(181, 44588795, 2, '2015-01-09', 850, 0, 850, 1),
	(182, 44588795, 7, '2015-01-09', 8500, 0, 8500, 10),
	(183, 44588795, 8, '2015-01-09', 3500, 3500, 0, 15),
	(184, 44588795, 16, '2015-01-09', 380, 380, 0, 1),
	(185, 14578958, 8, '2015-01-09', 3500, 3500, 0, 15),
	(186, 41214153, 11, '2015-01-09', 5500, 5500, 0, 20),
	(187, 45156898, 20, '2015-01-09', 3000, 3000, 0, 5),
	(188, 19455549, 8, '2015-01-09', 3500, 3500, 0, 15),
	(189, 10042763, 8, '2015-01-09', 3500, 3500, 0, 15),
	(190, 31245697, 8, '2015-01-10', 3500, 3500, 0, 15),
	(191, 61234566, 21, '2015-01-10', 4200, 4200, 0, 30),
	(192, 61234566, 25, '2015-01-10', 2900, 2900, 0, 8),
	(193, 61234566, 12, '2015-01-10', 450, 450, 0, 1),
	(194, 12542339, 22, '2015-01-10', 7000, 7000, 0, 20),
	(195, 24567896, 25, '2015-01-10', 2900, 2900, 0, 8),
	(196, 29584732, 25, '2015-01-11', 2900, 2900, 0, 8),
	(197, 29584732, 8, '2015-01-11', 3500, 3500, 0, 15),
	(198, 29144124, 11, '2015-01-12', 5500, 5500, 0, 20),
	(199, 31245675, 9, '2015-01-13', 8500, 8500, 0, 20),
	(200, 24578956, 7, '2015-01-15', 8500, 8500, 0, 10),
	(201, 54152636, 7, '2015-01-15', 8500, 8500, 0, 10),
	(205, 24578956, 2, '2015-01-16', 850, 850, 0, 1),
	(206, 24578956, 8, '2015-01-16', 3500, 3500, 0, 15),
	(209, 42542474, 2, '2015-01-16', 850, 850, 0, 1),
	(214, 35465475, 2, '2015-01-16', 850, 850, 0, 1),
	(215, 12542339, 2, '2015-01-16', 850, 850, 0, 1),
	(216, 12542339, 2, '2015-01-16', 850, 850, 0, 1),
	(217, 12542339, 2, '2015-01-16', 850, 400, 450, 1),
	(218, 12542339, 2, '2015-01-16', 850, 0, 850, 1),
	(219, 12542339, 2, '2015-01-16', 850, 200, 850, 1),
	(220, 12542339, 2, '2015-01-16', 850, 400, 450, 1),
	(221, 12542339, 2, '2015-01-16', 850, 400, 450, 1),
	(222, 12542339, 2, '2015-01-16', 850, 400, 450, 1),
	(223, 12542339, 2, '2015-01-16', 850, 400, 650, 1),
	(224, 12542339, 2, '2015-01-16', 850, 400, 650, 1),
	(225, 12542339, 2, '2015-01-16', 850, 400, 650, 1),
	(226, 12542339, 2, '2015-01-16', 850, 0, 850, 1),
	(227, 12542339, 2, '2015-01-16', 850, 400, 650, 1),
	(229, 12542339, 2, '2015-01-16', 850, 400, 650, 1),
	(230, 12542339, 2, '2015-01-16', 850, 850, 0, 1),
	(231, 12542339, 7, '2015-01-16', 8500, 500, 8000, 10),
	(232, 41214153, 2, '2015-01-16', 850, 850, 0, 1),
	(233, 41214153, 2, '2015-01-16', 850, 850, 0, 1),
	(234, 19455549, 8, '2015-01-16', 3500, 3500, 0, 15),
	(235, 19455549, 16, '2015-01-16', 380, 380, 0, 1),
	(236, 24577742, 9, '2015-01-16', 8500, 8500, 0, 20),
	(237, 12456637, 19, '2015-01-16', 4700, 4700, 0, 8),
	(238, 25413634, 22, '2015-01-17', 7000, 7000, 0, 20),
	(239, 25413634, 8, '2015-01-17', 3500, 3500, 0, 15),
	(240, 25413634, 9, '2015-01-17', 8500, 8500, 0, 20),
	(241, 25413634, 26, '2015-01-17', 7600, 7600, 0, 10),
	(242, 25413634, 26, '2015-01-17', 7600, 7600, 0, 10),
	(243, 25413634, 19, '2015-01-17', 4700, 4700, 0, 8),
	(244, 25413634, 16, '2015-01-17', 380, 380, 0, 1),
	(245, 25413634, 20, '2015-01-17', 3000, 3000, 0, 5),
	(246, 25413634, 26, '2015-01-18', 7600, 7600, 0, 10),
	(247, 32145226, 26, '2015-01-19', 7600, 7600, 0, 10),
	(248, 24578956, 20, '2015-01-20', 3000, 1200, 1800, 5),
	(249, 45698741, 20, '2015-01-20', 3000, 3000, 0, 5),
	(250, 25413634, 8, '2015-01-22', 3500, 3500, 0, 15),
	(251, 32145226, 21, '2015-01-22', 4200, 4200, 0, 30),
	(252, 32145226, 26, '2015-01-22', 7600, 7600, 0, 10),
	(253, 32145226, 22, '2015-01-22', 7000, 7000, 0, 20),
	(254, 19455549, 8, '2015-01-22', 3500, 3500, 0, 15),
	(255, 51234568, 19, '2015-01-22', 4700, 4700, 0, 8),
	(256, 32145226, 26, '2015-01-23', 7600, 7600, 0, 10),
	(257, 15478418, 26, '2015-01-23', 7600, 7600, 0, 10),
	(258, 23413632, 26, '2015-01-23', 7600, 7600, 0, 10),
	(259, 31244455, 9, '2015-01-23', 8500, 8500, 0, 20),
	(260, 44247486, 27, '2015-01-23', 500, 500, 0, 1),
	(261, 23413632, 30, '2015-01-23', 3500, 3500, 0, 10),
	(262, 19455549, 31, '2015-01-23', 8900, 8900, 0, 20),
	(263, 31244455, 33, '2015-01-23', 400, 400, 0, 1),
	(264, 32145226, 34, '2015-01-23', 3200, 3200, 0, 5),
	(265, 44188684, 35, '2015-01-27', 550, 550, 0, 1),
	(266, 23413632, 36, '2015-01-27', 7200, 7200, 0, 10),
	(267, 23413632, 7, '2015-01-28', 8500, 8500, 0, 10),
	(268, 23413632, 9, '2015-01-28', 8500, 8500, 0, 20),
	(269, 23413632, 12, '2015-01-28', 450, 450, 0, 1),
	(270, 31244455, 37, '2015-01-29', 2850, 2850, 0, 5),
	(271, 31244455, 38, '2015-01-29', 350, 350, 0, 1),
	(272, 19345033, 37, '2015-01-29', 2850, 2850, 0, 5),
	(273, 35465475, 26, '2015-01-29', 7600, 7600, 0, 10),
	(274, 42542474, 39, '2015-01-31', 350, 350, 0, 1),
	(275, 42542474, 26, '2015-01-31', 7600, 7600, 0, 10),
	(276, 25457892, 9, '2015-01-31', 8500, 8500, 0, 20),
	(277, 25457892, 25, '2015-02-04', 1400, 1400, 0, 8),
	(278, 25457892, 7, '2015-02-04', 8900, 8900, 0, 10),
	(279, 25457892, 11, '2015-02-04', 10800, 10800, 0, 20),
	(280, 24578912, 41, '2015-02-04', 2500, 2500, 0, 5),
	(281, 24578912, 30, '2015-02-04', 3200, 3200, 0, 10),
	(282, 24578912, 7, '2015-02-04', 8900, 8900, 0, 10),
	(283, 44188684, 43, '2015-02-04', 3700, 3700, 0, 10),
	(284, 32145624, 8, '2015-02-05', 4500, 4500, 0, 15),
	(285, 32145624, 44, '2015-02-05', 600, 600, 0, 1),
	(286, 45632153, 43, '2015-02-05', 3700, 3700, 0, 10),
	(287, 45632153, 7, '2015-02-05', 8900, 8900, 0, 10),
	(288, 45632153, 45, '2015-02-05', 7875, 7875, 0, 15),
	(289, 45632153, 7, '2015-03-22', 10700, 10700, 0, 10),
	(290, 45632153, 45, '2015-03-22', 13400, 13400, 0, 15),
	(292, 45632153, 26, '2015-03-22', 9200, 9200, 0, 10),
	(293, 45632153, 46, '2015-03-22', 250, 250, 0, 1),
	(294, 45632153, 2, '2015-04-15', 1050, 1050, 0, 1),
	(295, 19455549, 47, '2015-04-15', 450, 450, 0, 1),
	(296, 29144124, 29, '2015-04-15', 790, 790, 0, 1),
	(297, 45632153, 7, '2015-05-22', 10700, 10700, 0, 10),
	(298, 45632153, 48, '2015-05-22', 150, 150, 0, 1),
	(299, 32145226, 21, '2015-05-22', 10400, 10400, 0, 30),
	(300, 45632153, 36, '2015-05-23', 12600, 12600, 0, 10),
	(301, 45632153, 48, '2015-05-24', 150, 150, 0, 1),
	(302, 45632153, 49, '2015-05-24', 150, 150, 0, 1),
	(303, 44188684, 48, '2015-05-24', 150, 150, 0, 1),
	(304, 44188684, 11, '2015-05-24', 9700, 9700, 0, 20),
	(305, 44188684, 47, '2015-05-25', 450, 450, 0, 1),
	(306, 32145624, 35, '2015-05-25', 850, 850, 0, 1),
	(307, 45632153, 45, '2015-05-25', 13400, 13400, 0, 15),
	(308, 47894519, 48, '2015-05-25', 150, 150, 0, 1),
	(309, 47894519, 29, '2015-05-25', 790, 790, 0, 1),
	(310, 47894519, 8, '2015-05-25', 9500, 9500, 0, 15),
	(311, 10042763, 8, '2015-05-26', 9500, 9500, 0, 15),
	(312, 45632153, 22, '2015-05-26', 12400, 12400, 0, 20),
	(313, 47894519, 7, '2015-05-26', 10700, 10700, 0, 10),
	(314, 19347188, 41, '2015-05-26', 4200, 4200, 0, 5),
	(315, 19347188, 40, '2015-05-26', 450, 450, 0, 1),
	(316, 34121141, 21, '2015-05-26', 10400, 10400, 0, 30),
	(317, 24578912, 22, '2015-05-26', 12400, 5000, 7400, 20),
	(318, 19347188, 50, '2015-05-27', 1500, 1500, 0, 5),
	(319, 42542474, 22, '2015-05-28', 12400, 12400, 0, 20),
	(320, 44188684, 50, '2015-05-31', 1500, 1500, 0, 5),
	(321, 32145771, 11, '2015-05-31', 9700, 9700, 0, 20),
	(322, 54145782, 7, '2015-05-31', 10700, 10700, 0, 10),
	(323, 34121141, 19, '2015-05-31', 6200, 6200, 0, 8),
	(324, 34121141, 2, '2015-05-31', 1050, 1050, 0, 1),
	(325, 34121141, 7, '2015-06-01', 10700, 10700, 0, 10),
	(326, 14789454, 2, '2015-06-01', 1050, 1050, 0, 1),
	(327, 14789454, 7, '2015-06-01', 10700, 10700, 0, 10),
	(328, 14789454, 7, '2015-06-01', 10700, 10700, 0, 10),
	(329, 14789454, 19, '2015-06-01', 6200, 6200, 0, 8),
	(330, 14789454, 26, '2015-06-01', 9200, 9200, 0, 10),
	(331, 14789454, 51, '2015-06-01', 200, 200, 0, 1),
	(332, 19347188, 50, '2015-06-02', 1500, 1500, 0, 5),
	(333, 14789454, 53, '2015-06-02', 150, 150, 0, 1),
	(334, 54124566, 53, '2015-06-02', 150, 150, 0, 1),
	(335, 44188684, 2, '2015-06-07', 1050, 1050, 0, 1),
	(336, 45789653, 43, '2015-06-07', 700, 700, 0, 10),
	(337, 19347188, 50, '2015-06-08', 1500, 1500, 0, 5),
	(338, 41578943, 54, '2015-06-08', 3000, 3000, 0, 10),
	(339, 54124566, 19, '2015-06-08', 6200, 6200, 0, 8),
	(340, 14789454, 50, '2015-06-08', 1500, 1500, 0, 5),
	(341, 54124566, 54, '2015-06-08', 3000, 3000, 0, 10),
	(342, 54124566, 17, '2015-06-09', 850, 850, 0, 1),
	(343, 24567896, 2, '2015-06-10', 1050, 1050, 0, 1),
	(344, 32145226, 56, '2015-06-10', 2300, 2300, 0, 10),
	(345, 24512465, 30, '2015-06-10', 3100, 3100, 0, 10),
	(346, 24512465, 11, '2015-06-14', 9700, 9700, 0, 20),
	(347, 24512465, 37, '2015-06-14', 2900, 2900, 0, 5),
	(348, 45267483, 7, '2015-06-14', 10700, 10700, 0, 10),
	(349, 45267483, 51, '2015-06-14', 200, 200, 0, 1),
	(350, 45267483, 16, '2015-06-14', 950, 950, 0, 1),
	(351, 45267483, 17, '2015-06-14', 850, 850, 0, 1),
	(352, 45267483, 2, '2015-06-14', 1050, 1050, 0, 1),
	(353, 44188684, 2, '2015-06-27', 1050, 1050, 0, 1),
	(354, 15849853, 7, '2015-06-27', 10700, 10700, 0, 10),
	(355, 15849853, 11, '2015-06-29', 9700, 9700, 0, 20),
	(356, 15849853, 2, '2015-06-29', 1050, 1050, 0, 1),
	(357, 15849853, 45, '2015-06-29', 13400, 13400, 0, 15),
	(358, 62135218, 2, '2015-06-30', 1050, 1050, 0, 1),
	(359, 15849853, 2, '2015-07-03', 1050, 1050, 0, 1),
	(360, 35639636, 2, '2015-07-05', 1050, 1050, 0, 1),
	(361, 41245786, 2, '2015-07-05', 1050, 1050, 0, 1),
	(362, 41245786, 2, '2015-07-05', 1050, 1050, 0, 1),
	(363, 41245786, 2, '2015-07-05', 1050, 1050, 0, 1),
	(364, 25647893, 16, '2015-07-05', 950, 950, 0, 1),
	(365, 15478418, 26, '2015-07-05', 9200, 9200, 0, 10),
	(366, 25647893, 36, '2015-07-05', 12600, 12600, 0, 10),
	(367, 25647893, 2, '2015-07-06', 1050, 1050, 0, 1),
	(368, 24512465, 25, '2015-07-06', 3100, 3100, 0, 8),
	(369, 54789544, 2, '2015-07-09', 1050, 1050, 0, 1),
	(370, 24512465, 41, '2015-07-10', 4200, 4200, 0, 5),
	(371, 14528953, 2, '2015-07-10', 1050, 1050, 0, 1),
	(372, 14528953, 55, '2015-07-10', 250, 250, 0, 1),
	(373, 19455549, 35, '2015-07-11', 850, 850, 0, 1),
	(374, 31245697, 21, '2015-07-11', 10400, 10400, 0, 30),
	(375, 41547893, 2, '2015-07-12', 1050, 1050, 0, 1),
	(376, 44188684, 2, '2015-07-12', 1050, 1050, 0, 1),
	(377, 44188684, 2, '2015-07-12', 1050, 1050, 0, 1),
	(378, 44188684, 2, '2015-07-12', 1050, 1050, 0, 1),
	(379, 44188684, 2, '2015-07-12', 1050, 1050, 0, 1),
	(380, 44188684, 2, '2015-07-12', 1050, 1050, 0, 1),
	(381, 44188684, 2, '2015-07-12', 1050, 1050, 0, 1),
	(382, 44188684, 2, '2015-07-12', 1050, 1050, 0, 1),
	(383, 44188684, 2, '2015-07-12', 1050, 1050, 0, 1),
	(384, 44188684, 2, '2015-07-12', 1050, 1050, 0, 1),
	(385, 44188684, 2, '2015-07-12', 1050, 1050, 0, 1),
	(386, 44188684, 2, '2015-07-12', 1050, 1050, 0, 1),
	(387, 44188684, 2, '2015-07-12', 1050, 1050, 0, 1),
	(388, 44188684, 2, '2015-07-12', 1050, 1050, 0, 1),
	(389, 44188684, 2, '2015-07-12', 1050, 1050, 0, 1),
	(390, 44188684, 2, '2015-07-12', 1050, 1050, 0, 1),
	(391, 44188684, 2, '2015-07-12', 1050, 1050, 0, 1),
	(392, 44247486, 2, '2015-07-12', 1050, 1050, 0, 1),
	(393, 44188684, 2, '2015-07-12', 1050, 1050, 0, 1),
	(394, 44188684, 2, '2015-07-12', 1050, 1050, 0, 1),
	(396, 44188684, 2, '2015-07-12', 1050, 1050, 0, 1),
	(397, 44188684, 2, '2015-07-12', 1050, 1050, 0, 1),
	(398, 44188684, 2, '2015-07-12', 1050, 1050, 0, 1),
	(399, 44188684, 2, '2015-07-12', 1050, 1050, 0, 1),
	(400, 44188684, 2, '2015-07-12', 1050, 1050, 0, 1),
	(401, 44188684, 2, '2015-07-12', 1050, 1050, 0, 1),
	(402, 24578956, 11, '2015-07-12', 9700, 9700, 0, 20),
	(403, 42542474, 2, '2015-07-12', 1050, 1050, 0, 1),
	(404, 44188684, 2, '2015-07-12', 1050, 1050, 0, 1),
	(405, 24578956, 2, '2015-07-12', 1050, 1050, 0, 1),
	(406, 44188684, 2, '2015-07-12', 1050, 1050, 0, 1),
	(407, 10042763, 2, '2015-07-12', 1050, 1050, 0, 1),
	(408, 19455549, 2, '2015-07-12', 1050, 1050, 0, 1),
	(409, 24578956, 2, '2015-07-12', 1050, 1050, 0, 1),
	(410, 35465475, 2, '2015-07-12', 1050, 1050, 0, 1),
	(411, 42542474, 2, '2015-07-12', 1050, 1050, 0, 1),
	(412, 42542474, 2, '2015-07-12', 1050, 1050, 0, 1),
	(413, 12456637, 2, '2015-07-12', 1050, 1050, 0, 1),
	(414, 24577742, 2, '2015-07-12', 1050, 1050, 0, 1),
	(415, 44588795, 2, '2015-07-12', 1050, 1050, 0, 1),
	(416, 44588795, 2, '2015-07-12', 1050, 1050, 0, 1),
	(417, 45698741, 2, '2015-07-12', 1050, 1050, 0, 1),
	(418, 45698741, 2, '2015-07-12', 1050, 1050, 0, 1),
	(419, 54145782, 2, '2015-07-12', 1050, 1050, 0, 1),
	(420, 54145782, 2, '2015-07-12', 1050, 1050, 0, 1),
	(421, 10042763, 2, '2015-07-12', 1050, 1050, 0, 1),
	(422, 10042763, 2, '2015-07-12', 1050, 1050, 0, 1),
	(423, 45698741, 2, '2015-07-12', 1050, 1050, 0, 1),
	(424, 45156898, 2, '2015-07-12', 1050, 1050, 0, 1),
	(425, 24578956, 2, '2015-07-12', 1050, 1050, 0, 1),
	(426, 24577742, 2, '2015-07-12', 1050, 1050, 0, 1),
	(427, 44588795, 2, '2015-07-12', 1050, 1050, 0, 1),
	(428, 42629707, 2, '2015-07-12', 1050, 1050, 0, 1),
	(429, 12456637, 2, '2015-07-12', 1050, 1050, 0, 1),
	(430, 19455549, 2, '2015-07-12', 1050, 1050, 0, 1),
	(431, 35465475, 2, '2015-07-12', 1050, 1050, 0, 1),
	(432, 23364786, 2, '2015-07-12', 1050, 1050, 0, 1),
	(433, 54145782, 2, '2015-07-12', 1050, 1050, 0, 1),
	(434, 44588795, 2, '2015-07-12', 1050, 1050, 0, 1),
	(435, 45156898, 2, '2015-07-12', 1050, 1050, 0, 1),
	(436, 45156898, 2, '2015-07-12', 1050, 1050, 0, 1),
	(437, 25890747, 2, '2015-07-12', 1050, 1050, 0, 1),
	(438, 44588795, 2, '2015-07-12', 1050, 1050, 0, 1),
	(439, 25890747, 2, '2015-07-13', 1050, 1050, 0, 1),
	(440, 42542474, 2, '2015-07-13', 1050, 1050, 0, 1),
	(441, 42542474, 9, '2015-07-13', 12400, 12400, 0, 20),
	(442, 41547893, 2, '2015-07-14', 1050, 1050, 0, 1),
	(443, 41547893, 2, '2015-07-14', 1050, 1050, 0, 1),
	(444, 41547893, 2, '2015-07-14', 1050, 1050, 0, 1),
	(445, 42011233, 12, '2015-07-15', 450, 450, 0, 1),
	(446, 45698741, 2, '2015-07-16', 1050, 1050, 0, 1),
	(447, 45698741, 2, '2015-07-16', 1050, 1050, 0, 1),
	(448, 45156898, 2, '2015-07-16', 1050, 1050, 0, 1),
	(449, 51234568, 2, '2015-07-16', 1050, 1050, 0, 1),
	(450, 24567896, 2, '2015-07-16', 1050, 1050, 0, 1),
	(451, 44588795, 2, '2015-07-16', 1050, 1050, 0, 1),
	(452, 44588795, 2, '2015-07-16', 1050, 1050, 0, 1),
	(453, 24567896, 2, '2015-07-16', 1050, 1050, 0, 1),
	(454, 19455549, 2, '2015-07-16', 1050, 1050, 0, 1),
	(455, 15421528, 41, '2015-07-19', 4200, 4200, 0, 5),
	(456, 19455549, 7, '2015-07-29', 10700, 10700, 0, 10),
	(457, 54145782, 2, '2015-08-01', 1050, 1050, 0, 1),
	(458, 24157481, 2, '2015-08-01', 1050, 1050, 0, 1),
	(459, 45789653, 2, '2015-08-19', 1050, 1050, 0, 1),
	(460, 24158792, 30, '2015-08-19', 3100, 3100, 0, 10),
	(461, 34121141, 21, '2015-08-19', 10400, 10400, 0, 30),
	(462, 5412474, 19, '2015-08-19', 6200, 6200, 0, 8),
	(463, 4512635, 7, '2015-08-22', 10700, 10700, 0, 10),
	(464, 44188684, 2, '2015-09-04', 1050, 1050, 0, 1),
	(465, 44188684, 7, '2015-09-04', 10700, 10700, 0, 10),
	(466, 24578956, 12, '2015-09-04', 450, 450, 0, 1),
	(467, 45124108, 19, '2015-09-04', 6200, 6200, 0, 8),
	(468, 24512465, 29, '2015-09-04', 790, 790, 0, 1),
	(469, 14528953, 2, '2015-09-04', 1050, 1050, 0, 1),
	(470, 15421528, 2, '2015-09-08', 1050, 1050, 0, 1),
	(471, 10042763, 17, '2015-09-08', 850, 850, 0, 1),
	(472, 45213216, 30, '2015-09-08', 3100, 3100, 0, 10),
	(473, 54145782, 35, '2015-09-08', 850, 850, 0, 1),
	(474, 41023982, 56, '2015-09-08', 2300, 2300, 0, 10),
	(475, 41023982, 26, '2015-09-08', 9200, 9200, 0, 10),
	(476, 45698741, 27, '2015-09-08', 450, 450, 0, 1),
	(477, 42629707, 24, '2015-09-10', 8900, 8900, 0, 15),
	(478, 54152636, 25, '2015-09-10', 3100, 3100, 0, 8),
	(479, 45698741, 9, '2015-09-18', 12400, 12400, 0, 20),
	(480, 44188684, 17, '2015-09-21', 850, 850, 0, 1),
	(481, 19455549, 22, '2015-10-16', 12400, 12400, 0, 20),
	(482, 47896636, 19, '2015-10-16', 6200, 6200, 0, 8),
	(483, 47896636, 26, '2015-10-18', 9200, 9200, 0, 10),
	(484, 44188684, 61, '2015-10-18', 650, 650, 0, 1),
	(485, 41578943, 35, '2015-10-31', 850, 850, 0, 1),
	(486, 45698741, 2, '2015-11-21', 1050, 1050, 0, 1),
	(487, 19455549, 21, '2015-12-01', 10400, 10400, 0, 30),
	(488, 54145782, 30, '2016-01-12', 3100, 3100, 0, 10),
	(489, 41547893, 2, '2016-01-30', 1050, 600, 450, 1),
	(490, 44188684, 2, '2016-02-04', 2000, 800, 1200, 1),
	(491, 44588795, 2, '2016-02-13', 2000, 2000, 0, 1);
/*!40000 ALTER TABLE `tratamiento_paciente` ENABLE KEYS */;


-- Volcando estructura para tabla est_vaucher.users
DROP TABLE IF EXISTS `users`;
CREATE TABLE IF NOT EXISTS `users` (
  `username` varchar(50) NOT NULL,
  `password` varchar(50) DEFAULT NULL,
  `enabled` int(1) DEFAULT NULL,
  PRIMARY KEY (`username`)
) ENGINE=InnoDB DEFAULT CHARSET=latin1;

-- Volcando datos para la tabla est_vaucher.users: ~3 rows (aproximadamente)
/*!40000 ALTER TABLE `users` DISABLE KEYS */;
REPLACE INTO `users` (`username`, `password`, `enabled`) VALUES
	('admin', 'admin', 1),
	('gaby', 'gaby20', 1),
	('raul', 'rulo', 1),
	('test', 'test1', 1);
/*!40000 ALTER TABLE `users` ENABLE KEYS */;
/*!40101 SET SQL_MODE=IFNULL(@OLD_SQL_MODE, '') */;
/*!40014 SET FOREIGN_KEY_CHECKS=IF(@OLD_FOREIGN_KEY_CHECKS IS NULL, 1, @OLD_FOREIGN_KEY_CHECKS) */;
/*!40101 SET CHARACTER_SET_CLIENT=@OLD_CHARACTER_SET_CLIENT */;
